Code_,Name,Quantity reserved,OIK,Date,MASTER CODES,KODIKOS (from MASTER CODES),DESCRIPTION,Photo,EDIT BY,REMAINING,CATEGORY (from MASTER CODES),Created
L3245W,ALEX,"6,0",OIK85,,L3245W,L3245W,I59 BEDSIDE LIGHT 3W D100*H55mm,image005.png (https://v5.airtableusercontent.com/v3/u/55/55/1785175200000/Ql0gxu_5Nad8No-EnpYF5Q/pxlrDtcOjY8SvyhaKl_T_Pft9liIfXzZDpc-peNYRUX8ahteY9FtM5UKAX7xW5xbOdOu0463UYtVtPFY9wjf3gVgwz270inJ_HceI2dHmr96BGVQA536AWPv4fMQoE1dtYTnbKT0CKQO375dj9uJMBEWcDIP4JjpPy-weDV_3rA/VVjhcXQ0OJLsmEdYuXzhy2QWd4XbE3XuquSR6ptcXno),,"123,0",ΦΩΤΑ,7/20/2026 12:32pm
ZBATH015,ALEX,"4,0",OIK85,17/7/2026,ZBATH015,ZBATH015,I165 GRAB BAR,image.png (https://v5.airtableusercontent.com/v3/u/55/55/1785175200000/i8rOdzj9psCUdKhcIshH6Q/YIB3mVS_b5Wn1aSlH7pUUohNRTOuwBa9T5lcEClVvcPx9Ze5T4SDYa_7pZikBc_M3tO_mcDa1yl8wKDiiOOcqFlfZfvlCZ4Lxr0H3ocT4BPU7RraLhEGc_RM49FdAZyKaeaCZ59zGBhFwHCGy-jDxQ/1KGsoHuBNyNqNK26meny-DjgQuq_Yuoxgd8GAsZUWBU),,"1,0",ΜΠΑΝΙΟ,7/17/2026 11:35am
ZBATH016,ALEX,"3,0",OIK85,,ZBATH016,ZBATH016,I165 GRAB BAR,image.png (https://v5.airtableusercontent.com/v3/u/55/55/1785175200000/6MmY1CVv_0mQ57bW3wtqjQ/D2-38u_d9KNHGB0b1NyEMMwy14Hofxsuk5oLiIIqvWFuUME35WyQMnE6DFjKjkJu_E3Can6yhwX1ldH4HcMY-1nXYZxdZoOz1QGYeINSvmaIGSDurVkGPmaJAbhCZzP1IcX0rF0L8jjSoez_B1FsLg/XyYp9-3p5_iZ0aZ_rMubwCxgtWo3ZOrwyC85a0_U6x0),,"2,0",ΜΠΑΝΙΟ,7/17/2026 11:34am
L3267W,ALEX,"1,0",OIK93.1.1,2/6/2026,L3267W,L3267W,I59 ΣΠΟΤ ΟΡΟΦΗΣ ΕΣΩΤΕΡΙΚΟΥ ΧΩΡΟΥ 7W 65X75MM IP44 ΘΕΡΜΟ ΛΕΥΚΟ,image012.png (https://v5.airtableusercontent.com/v3/u/55/55/1785175200000/PspERiqjeQBwkzMAJa_d7Q/9NMZAbBAfOas1qirpuitKBm-nkqZUHtJ9S1aaZ4OpIamh2Vgm0C0k86RDd5jryz-b_-ZnZ_1atGuUXZUHOpySijzBrO4HKmOs9vXSdt4lk-037h6_hdJhPVyRiu4n-RRQlYB0ESDMncg85QSD-bq55hGUWls1si90DruXxafiMg/Gn6gjZPsHI9Xa-i4CwdSPfaLbf0dsbZs4Fnkd4QXVkw),,"3,0",ΦΩΤΑ,6/8/2026 3:19pm
L3280W,ALEX,"6,0",OIK93.1.1,26/5/2026,L3280W,L3280W,I59 ΑΠΛΙΚΑ ΕΠΙΤΟΙΧΙΑ ΕΞΩΤΕΡΙΚΟΥ ΧΩΡΟΥ 5W UP AND DOWN LIGHT100X100X80MM IP65 ΘΕΡΜΟ ΛΕΥΚΟ,image045.png (https://v5.airtableusercontent.com/v3/u/55/55/1785175200000/HHH8jxnTiuAZc5Ghinp45A/XqjgVnXdTJCk8PDcf1RcKRpTOhm9U-i4PTMOkeer6O-y40hLy8Y4-dSbUg1LTDxnC-u0XfwSR9Na9r-p0AT5qq3549wMgR03RFNwy8t13vmYNHvYCXnTpeehtjBJHfK3bHBCURvDyHOdpU6jGwaXj3C-jsHAqE5vjid1EAK9pc4/0gg9LGncrZRoM0dho3i2ttVC034dQunCwuTdXI80j-s),,"65,0",ΦΩΤΑ,6/8/2026 3:18pm
L3289W,ALEX,"2,0",OIK93.1.1,26/5/2026,L3289W,L3289W,I191 ΑΠΛΙΚΑ ΕΠΙΤΟΙΧΙΑ ΕΞΩΤΕΡΙΚΟΥ ΧΩΡΟΥ 230Χ80Χ27ΜΜ 1.8W 3000K IP65,image.png (https://v5.airtableusercontent.com/v3/u/55/55/1785175200000/TGN_nAMEe1c9efj3wjIwDQ/3oBYBqGDwbZkpTmfIhaco56WgAV6x1HE4b0JzoXWLXuOfSvQ9csICw2tmGcFxJZe9vZHY8MlIYjRun1ct-6UHCRRjmMwd1S8dUNiNxKFqi2Ghm6hfgWXagqbhigs5WMjTXqRlESwmhN3d6LbixlCcA/ka9Se7cKD2qdz1fw0D_GeUkCyUCrfvG0Wx9sF4MsVUA),,"-213,0",ΦΩΤΑ,6/8/2026 3:18pm
A7642WW,ALEX,"2,0",OIK93.1.1,1/4/2026,A7642WW,A7642WW,I107 WOODEN FAN ceiling WHITE blades WHITE motor,image.png (https://v5.airtableusercontent.com/v3/u/55/55/1785175200000/V9DyieQGbm4U_z82SGLCKQ/fSMfM1yBcjw5QDmJjbqkrRLMGCLgSCERWi375fbFyV5_nU_DrffbTo55rX3oDi0XDqIQOVdFrsmxLy1VWwZ9NDH0U_4bIu-tAUuKgABABJE3bwenqDC1pJ3VD3y045-PjA7RWX2hp5VEUTe7A2iaPA/j0hy20MNTmpX_xtVc1E_oerqD9YbK8M7tokvOQi9ULw),,"-10,0",ΑΝΕΜΙΣΤΗΡΕΣ ΟΡΟΦΗΣ,6/8/2026 3:17pm
L3289W,ALEX,"2,0",OIK93.1.1,28/5/2026,L3289W,L3289W,I191 ΑΠΛΙΚΑ ΕΠΙΤΟΙΧΙΑ ΕΞΩΤΕΡΙΚΟΥ ΧΩΡΟΥ 230Χ80Χ27ΜΜ 1.8W 3000K IP65,image.png (https://v5.airtableusercontent.com/v3/u/55/55/1785175200000/TGN_nAMEe1c9efj3wjIwDQ/3oBYBqGDwbZkpTmfIhaco56WgAV6x1HE4b0JzoXWLXuOfSvQ9csICw2tmGcFxJZe9vZHY8MlIYjRun1ct-6UHCRRjmMwd1S8dUNiNxKFqi2Ghm6hfgWXagqbhigs5WMjTXqRlESwmhN3d6LbixlCcA/ka9Se7cKD2qdz1fw0D_GeUkCyUCrfvG0Wx9sF4MsVUA),,"-213,0",ΦΩΤΑ,5/28/2026 10:15am
L3280W,ALEX,"6,0",OIK93.1.1,28/5/2026,L3280W,L3280W,I59 ΑΠΛΙΚΑ ΕΠΙΤΟΙΧΙΑ ΕΞΩΤΕΡΙΚΟΥ ΧΩΡΟΥ 5W UP AND DOWN LIGHT100X100X80MM IP65 ΘΕΡΜΟ ΛΕΥΚΟ,image045.png (https://v5.airtableusercontent.com/v3/u/55/55/1785175200000/HHH8jxnTiuAZc5Ghinp45A/XqjgVnXdTJCk8PDcf1RcKRpTOhm9U-i4PTMOkeer6O-y40hLy8Y4-dSbUg1LTDxnC-u0XfwSR9Na9r-p0AT5qq3549wMgR03RFNwy8t13vmYNHvYCXnTpeehtjBJHfK3bHBCURvDyHOdpU6jGwaXj3C-jsHAqE5vjid1EAK9pc4/0gg9LGncrZRoM0dho3i2ttVC034dQunCwuTdXI80j-s),,"65,0",ΦΩΤΑ,5/28/2026 10:14am
TL033.3,VASIA,"21,0",87.2.1,,TL033.3,TL033.3,B169 STEP WALK RIVER STONE 60x30x2,image.png (https://v5.airtableusercontent.com/v3/u/55/55/1785175200000/8L-8K8hvyb66dDTV0QnLEg/VVV0E0VU6uSZjZdAXlh1RPU_t6E3YoCZfZWVnLGvicg3Iq5KkOeB-Fm4MSwl81YMuNqKhNFJtSmNqKQhguY1sGzx27YBaAPQuVlLPxmJAL_qeGBAZpVYp_rtd0rHCIx3CCpmTlO7UcFVMo1elcJhxg/vWznbcZ3nAbENCyWQgdwr9ZyAGdQGjWWlnjzPFTrgeU),,"92,0",TILES,2/12/2026 9:36am
L3253,ELLI,"10,0",OIK109,,L3253,L3253,I59 ΠΡΟΒΟΛΕΑΣ ΕΞΩΤΕΡΙΚΟΥ ΧΩΡΟΥ 3W LED 190Χ65ΜΜ IP65 ΜΕ ΣΤΡΟΓΓΥΛΗ ΒΑΣΗ ΘΕΡΜΟ ΛΕΥΚΟ,image023.png (https://v5.airtableusercontent.com/v3/u/55/55/1785175200000/md5zWMFrVVaGK9tfs0ePSw/LayR3KWi3uBY0DXb1BIWKTRdbwlbq7jKBPicXKS9xX6cypLkwzUsOY7W6K8YAAwrKkx_BeIsMKsWkO1-4Y2C5cSSCYAT9O1U7Z9QZSBuu6xO234pE9_ylzkwHo6W5mM1G3ThG-R4dTWJrscQZegAtfFiHe5uyhtfAKqMJoaDzTo/hRNnO1OrrYZztSLI5xil3v0Yb2joWK2Vu_4fhXxG2Sk),,"76,0",ΦΩΤΑ,2/11/2026 4:21pm
L3289W,NIKI,"80,0",OIK105,,L3289W,L3289W,I191 ΑΠΛΙΚΑ ΕΠΙΤΟΙΧΙΑ ΕΞΩΤΕΡΙΚΟΥ ΧΩΡΟΥ 230Χ80Χ27ΜΜ 1.8W 3000K IP65,image.png (https://v5.airtableusercontent.com/v3/u/55/55/1785175200000/TGN_nAMEe1c9efj3wjIwDQ/3oBYBqGDwbZkpTmfIhaco56WgAV6x1HE4b0JzoXWLXuOfSvQ9csICw2tmGcFxJZe9vZHY8MlIYjRun1ct-6UHCRRjmMwd1S8dUNiNxKFqi2Ghm6hfgWXagqbhigs5WMjTXqRlESwmhN3d6LbixlCcA/ka9Se7cKD2qdz1fw0D_GeUkCyUCrfvG0Wx9sF4MsVUA),,"-213,0",ΦΩΤΑ,1/14/2026 12:36pm
A7646B,ALEX,"4,0",OIK93.1.1,4/12/2025,A7646B,A7646B,I128 DOOR HANDLE BLACK PAIR & KEYHOLES,image.png (https://v5.airtableusercontent.com/v3/u/55/55/1785175200000/hhiDtW2UA2NY-FEZ-U1jcw/8gz8PICn2XgDqyV5dD6NZ5D-bMQ_C4g0CUsi5KugcmhLROea1vrH0ae0VNxj9UQXFTXH9tIP0oDV6B9HN9YqLXdF7Dp9oCEExhuMoeNfF17oiy8Kiz_bMa3DBLQWVzrsfsBDrKVRLOT9aA2jbtS9qg/qsU-bWEy3Uh3Ormh0-IjQlOP4c3u6vsiy-CoH8AIB8s),,"15,0",ΠΟΡΤΕΣ,12/3/2025 12:51pm
L3260B,ELLI,"4,0",OIK102,,L3260B,L3260B,I162 ΣΠΟΤ ΟΡΟΦΗΣ ΕΞΩΤΕΡΙΚΟΥ ΧΩΡΟΥ 120Χ78ΜΜ ΜΕ GU10 5W IP65 ΘΕΡΜΟ,image054.png (https://v5.airtableusercontent.com/v3/u/55/55/1785175200000/0VG9gtL9mn32Ughtql3Ozg/tOFvlUxuY8oWw3VR4jAHN67_w2oFOfdzBuS456s5tMYuPhG-VC9L55AKuW2xFANug07yFDCo-Tjxv8isRfbMyxRvLCFnu6KA3_1My9aPeSyZDrfoe6vHM1Ri2vm7X11I5U0hwsS0jeeUg6vuu_U1-6Nd88T2GyZFrzZPuMgkBeQ/RDdhujfoF2OxUZOQFHPf89cZeoO2ImnvGjXlUpV9-Vk),,"10,0",ΦΩΤΑ,11/18/2025 4:25pm
L3252,ELLI,"10,0",OIK102,,L3252,L3252,I59 ΠΡΟΒΟΛΑΚΙ ΚΗΠΟΥ 3W LED 43Χ245ΜΜ IP65 ΜΕ ΚΑΡΦΙ ΘΕΡΜΟ ΛΕΥΚΟ,image030.png (https://v5.airtableusercontent.com/v3/u/55/55/1785175200000/gOD0Q384oSpJEQy40f0ZhQ/np_WOKiK3N36MboOw5kJg2DTEbYQtBblaktSatpuYvO3fccAC03DSN9tDB0c3RTZ_jhFoobar4eTuOLGTarhGOmicGjMnM7KTPCUD1RgDG3znYl_bYUJ5XeDPzYGMDiJicSMwbBAdsvi6TSTVUyqE-mU1quNzwV-g15oZKCC2FU/UUA2GpMlOmdL--wDTi1ckptwt6X8RwPUKCc_iwA-4V0),,"-77,0",ΦΩΤΑ,11/18/2025 4:24pm
L3289W,ELLI,"6,0",OIK102,,L3289W,L3289W,I191 ΑΠΛΙΚΑ ΕΠΙΤΟΙΧΙΑ ΕΞΩΤΕΡΙΚΟΥ ΧΩΡΟΥ 230Χ80Χ27ΜΜ 1.8W 3000K IP65,image.png (https://v5.airtableusercontent.com/v3/u/55/55/1785175200000/TGN_nAMEe1c9efj3wjIwDQ/3oBYBqGDwbZkpTmfIhaco56WgAV6x1HE4b0JzoXWLXuOfSvQ9csICw2tmGcFxJZe9vZHY8MlIYjRun1ct-6UHCRRjmMwd1S8dUNiNxKFqi2Ghm6hfgWXagqbhigs5WMjTXqRlESwmhN3d6LbixlCcA/ka9Se7cKD2qdz1fw0D_GeUkCyUCrfvG0Wx9sF4MsVUA),,"-213,0",ΦΩΤΑ,11/18/2025 4:20pm
L3265.1B,ELLI,"1,0",OIK102,,L3265.1B,L3265.1B,I59 ΕΞΩΤΕΡΙΚΟ ΣΠΟΤ ΟΡΟΦΗΣ 5W 65Χ88MM IP65 ΘΕΡΜΟ ΛΕΥΚΟ,image007.png (https://v5.airtableusercontent.com/v3/u/55/55/1785175200000/4j6xHf-AA9TSv-RpyAY5mQ/CHA2TKtr-YBxsxAHBZJHKwbaiiBkE9huFKHiTir4As9WAa9AHVsLI8qJJ9tPYmXA4eQ4a5bVmY92oaQYy-Vm1qNiMPxtTTpt4Pu_jF1iNgrxEC5KeI857fijt9Wh7i9kaePnvHM262Ah0gKow-D1NikzSdteQgMjP329nGQ4Dfg/M6E-Cy7af4cFw6PCLAKxhBffb1euJW3SYuIqQyRYAkg),,"129,0",ΦΩΤΑ,11/18/2025 4:03pm
L3255B,ELLI,"10,0",OIK102,,L3255B,L3255B,I59 ΑΠΛΙΚΑ ΕΠΙΤΟΙΧΙΑ ΕΞΩΤΕΡΙΚΟΥ ΧΩΡΟΥ 6W UP & DOWN LED 175Χ90ΜΜ IP65 ΘΕΡΜΟ ΛΕΥΚΟ,image042.png (https://v5.airtableusercontent.com/v3/u/55/55/1785175200000/BtQgMP6R3NxV9fTLYSAs5A/saYfv5li4471nAy8_s05yp3SnS9ptShNITAU5yG3G5XeagAMvCONy19yfffQNmA9fRlRi0xwPDdWx_gO68cbRbsKOUOFRzlRBYht0vVN1hUzGEC9TUCjJiuvYEFDHBFUC_6Km55uAo3RKs4iwUf92HActTWxu-UMyacKidnM9Jg/hEJ-ZA9OAK0_OEU6OqiCZCwWYS96d8avZrg7DbmfPhQ),,"-26,0",ΦΩΤΑ,11/18/2025 4:01pm
L3248,ELLI,"1,0",OIK102,,L3248,L3248,I59 ΑΠΛΙΚΑ ΟΡΟΦΗΣ 5W 210Χ110Χ90MM,image048.png (https://v5.airtableusercontent.com/v3/u/55/55/1785175200000/r4oI0nQOuuyk0YtjhuAreQ/0cpT3TcxiHSAym4XGdJQKSREJqkPHY4s9_nl77-g5KBj93PkpYDKAe31NvHsTX89k7nJYaVGwSx4FJct5Ve7zzAqRNGOBnynjYTiNHT1R-kc8TOYEKr8DvpuJ-eQXCL9P1OeAF87HHselWaYTMDfW-cQW9TERS1nFQCFbR7qYWI/LPjpvFxGkvbN7eE3bMy1bOoMKsIDZgM9g355qFAxBeo),,"58,0",ΦΩΤΑ,11/18/2025 3:59pm
ZEF001,ELLI,"2,0",OIK102,,ZEF001,ZEF001,I134 ΕΞΑΕΡΙΣΤΗΡΑΣ WC Φ100,image.png (https://v5.airtableusercontent.com/v3/u/55/55/1785175200000/fRJswbW0Day-evkjCUiAJQ/ewsSTuj7cFrTO8b5PMhnE53OzfEXxmHvi6E0sDTEgicCrWAb6zforwm6OQ7S66YYVie6kztTCqM0tCDPkDosjwp4Hm4y8iRMpNze7W1oVCRKou0Zd8w5Sh8t6IN0D5euC4eaPJZCGcunQ8_-vOQp9A/B6Gai62DbO7s2vh85Cp2Orq708lvdg4GZ-oBTWWZo-g),,"69,0",ΜΠΑΝΙΟ,11/18/2025 3:51pm
L3245B,ELLI,"4,0",OIK102,,L3245B,L3245B,I59 BEDSIDE LIGHT 3W D100*H55mm,image004.png (https://v5.airtableusercontent.com/v3/u/55/55/1785175200000/-7Fb1nnQs1EncIquGr2slQ/DWYlk5c9nM58pf6NGVPhnwx53nZyloIjEOJ7n7xIuSpFRm-jYDDIgs_tUlDFBNshoAkhltlbOfzKrtac8xHVzGvV4CJSCCvm9H4LWbuBxkKZwPAo_i2jBGtTstwKNIMM-wKz2CSdXP3bGLXTdhcPMaJAnjRSFLOTVW6pEpVFufQ/e0q3lCFHjMsxcLgm2qeOOnPXpjL7-Q4f8V-XZspuqL0),,"134,0",ΦΩΤΑ,11/18/2025 3:48pm
L3263W,ELLI,"2,0",OIK102,,L3263W,L3263W,I59 ΣΠΟΤ ΟΡΟΦΗΣ ΑΔΙΑΒΡΟΧΟ (ΟΠΗ 60MM),image002.png (https://v5.airtableusercontent.com/v3/u/55/55/1785175200000/CXKA9WZlIYH3mxdR62Y4Og/Q4kIId80R2Ha1qY7iSG6KB09zhfJJYuVcRf87fYPu-wrC1U-vof6sR40RoiO7q7HdCRBIPw8dAuhZX0BAUKSYGiWRAFSXvOCuA5uPZ5MyTiqb7l0qZlLW4I4nFtecJZR7dYJZHfFGUJy-MQE9_JqZIcobvFs-N1oRAiISpu7u_U/U4X5nNFPjhk1HnFgkHOfyK0g6UyVAB8NzvRUsHP0Zfo),,"316,0",ΦΩΤΑ,11/18/2025 3:46pm
L3244,ELLI,"2,0",OIK102,,L3244,L3244,I59 ΣΠΟΤ ΟΡΟΦΗΣ (ΟΠΗ 60MM) ΛΕΥΚΟ,image001.png (https://v5.airtableusercontent.com/v3/u/55/55/1785175200000/XQNOKmYd3NLQ6_dDWqKYuQ/cRJohMde-STTJyl7IOhddeE5h2HwL_Gnjqe1Y_R95uD6Zo4Zgv_fd4lJogYZdbfxQWcldm8PkU67QohSBsbGOZcYqr-CYZvYbs96UoawTh-GGn7U_MI7eYnliqPBCZD3G-TYznEqdljsQuH_cexUWWFFjZRuY7N8dEZ0NOqnhd8/_evf5c5lN5tr8e0Y8Q3NGR8XXtO7ygq_O4kN67HUGA4),,"221,0",ΦΩΤΑ,11/18/2025 3:46pm
L3266B,ELLI,"35,0",OIK102,,L3266B,L3266B,I59 ΣΠΟΤ ΟΡΟΦΗΣ ΕΣΩΤΕΡΙΚΟΥ ΧΩΡΟΥ 5W 65Χ88MM ΘΕΡΜΟ ΛΕΥΚΟ,image010.png (https://v5.airtableusercontent.com/v3/u/55/55/1785175200000/GPkWEl37cJSztaelTfxMug/kJpr089zepdVVTIY69j3yrCpRkkqoPh7XYfe0aQPScAg1k5jtRsNaoQyojhqqaq0JMPRACwYD-l1PHy4CkUt13T9YaU1udbBEd53vKR3wan9cn1N8f_OCeFGouqQDuf-wAz1A_T8XBKIGM21R9qYT7s-0js5hZqrZ2ybRkTJ6KI/4YjZs9_1kXvxZjmfMF6r3ez6fxiLqNsYsGh8hCXPUbU),,"15,0",ΦΩΤΑ,11/18/2025 3:42pm
L3267W,ELLI,"25,0",OIK109,,L3267W,L3267W,I59 ΣΠΟΤ ΟΡΟΦΗΣ ΕΣΩΤΕΡΙΚΟΥ ΧΩΡΟΥ 7W 65X75MM IP44 ΘΕΡΜΟ ΛΕΥΚΟ,image012.png (https://v5.airtableusercontent.com/v3/u/55/55/1785175200000/PspERiqjeQBwkzMAJa_d7Q/9NMZAbBAfOas1qirpuitKBm-nkqZUHtJ9S1aaZ4OpIamh2Vgm0C0k86RDd5jryz-b_-ZnZ_1atGuUXZUHOpySijzBrO4HKmOs9vXSdt4lk-037h6_hdJhPVyRiu4n-RRQlYB0ESDMncg85QSD-bq55hGUWls1si90DruXxafiMg/Gn6gjZPsHI9Xa-i4CwdSPfaLbf0dsbZs4Fnkd4QXVkw),ELLI,"3,0",ΦΩΤΑ,11/17/2025 1:17pm
L3286G,ELLI,"26,0",OIK109,,L3286G,L3286G,I162 ΑΠΛΙΚΑ ΕΠΙΤΟΙΧΙΑ ΕΞΩΤΕΡΙΚΟΥ ΧΩΡΟΥ 150ΜΜ 10W IP65 ΘΕΡΜΟ ΛΕΥΚΟ,image057.png (https://v5.airtableusercontent.com/v3/u/55/55/1785175200000/4T5Un_gaweFKLyK54V21XA/WFCLYRmio8ZcLGgmcUICCdk-LOlOXDynsx9fey2hY-z0F4cCI3FcdHL1PAJcPHW2JbR6Yn9t63DFewLPcQLlkHzRoQaurM9dF5fYp8ojLL_2tjTVst1dVahqqWa4Fn6B1YOfaqtsinRo75LAcaxl0CpBmUB4DsiXQ20_eiTRzYs/ucpoA2mU_L4Op4hpn_vNotTzt8PNk0VWvKHFeCRhmBU),,"83,0",ΦΩΤΑ,11/17/2025 12:16pm
ZSAKF,ALEX,"1,0",OIK87.2.1,11/12/2025,ZSAKF,ZSAKF,I122 ΜΠΑΤΑΡΙΑ ΝΕΡΟΧΥΤΗ ΚΟΥΖΙΝΑΣ,image.png (https://v5.airtableusercontent.com/v3/u/55/55/1785175200000/_aoKVLUR2juXFMKy-LgI_w/b4G5zJhCM7pH2r7dLhCj8zNYKSrC8gTS8xjJyo50ucmwhryOlfhAPXzvEMQV0BHDqgJU9-1WeNEExG21d8dpLL-svbx0l44S4317GdpTb9yJF85RvQuXsluD6r0ctgcen_usJA9SYzToLJVt4AghnA/okyDrvg3xR6sYHCJtuCE71pjoaUDPlgndCIYqfyE2zk),,"34,0",ΚΟΥΖΙΝΑ,11/13/2025 3:51pm
B1497,ELLI,"14,0",OIK109,,B1497,B1497,B169 SINK BROWNIE STONE 40x40x15,image.png (https://v5.airtableusercontent.com/v3/u/55/55/1785175200000/OEcFgBGSRvN4QPSPsUKJ8w/9WbkT--UQbVT_PtdSQQ1Iyj2t4MnSIj52QuSvfMrAvcAFr99wkkB1s265hUDDkQZlgP5mE60HxUx7_sHZipZjPA0dCqM2GF-exGTl-2trXQdwsvbeOxGJL3WM77TxhENGLiA_IBej32kgGFpG73e7A/_euDY4OOIn6CIVm6W7CeKIknBAjNAngbt_QT0nqsG8I),,"-10,0",SINKS,11/13/2025 1:50pm
ZSAOKF,ALEX,"1,0",OIK87.2.1,27/11/2025,ZSAOKF,ZSAOKF,"I173 STAINLESS STEEL KITCHEN FAUCET 58X44,5X49",,,"42,0",ΚΟΥΖΙΝΑ,11/13/2025 1:27pm
ZSI-004,ALEX,"1,0",OIK87.2.1,20/11/2025,ZSI-004,ZSI-004,I173 Outdoor Kitchen Sink 50X40 SS304 with drain and siphon,,,"8,0",ΚΟΥΖΙΝΑ,11/13/2025 1:25pm
L3244WWBOLD,ELLI,"210,0",OIK109,,L3244WWBOLD,L3244WWBOLD,I59 ΛΑΜΠΤΗΡΑΣ GU10 ΛΕΥΚΟ,,,"1645,0",ΦΩΤΑ,11/13/2025 1:00pm
A7642NW,ALEX,"2,0",OIK87.2.1,15/12/2025,A7642NW,A7642NW,I107 WOODEN FAN ceiling NATURAL blades WHITE motor,image.png (https://v5.airtableusercontent.com/v3/u/55/55/1785175200000/Nz5it-9xwjyjBpveJR3yUQ/LPaf12EOp4coeEg_jHVd6pHHpOQKSVm5-RQ-PTWEpwpKe6XzLRJ_BdunI4J9CW_A4RjKvcVBKIlD_LmaaAl1NRt5kkh3u0jh-xeO3Nekq1oHvS4Fr85yj3jmIwi8wgrMiAmuHUcs61gAbMps2GakrA/lY8K8wQMteyhIgtIeDDM8fiPEuXzzlVcCpJGP8xHMFY),,"-64,0",ΑΝΕΜΙΣΤΗΡΕΣ ΟΡΟΦΗΣ,11/13/2025 12:46pm
B4058.1,ALEX,"1,0",OIK87.2.1,20/11/2025,B4058.1,B4058.1,"I133 KITCHEN SINK SATIN 606,1X512,6X228,6mm",image.png (https://v5.airtableusercontent.com/v3/u/55/55/1785175200000/7KdIeaTnfok8jSfAxNa_GA/p3YRUyAr863XwcDH2e9Lhd2v2zayirGzaclAQdZy4RNgklbw5Vjf6TCEbXeXBt99oNipOtpjg89-gq9HeKWczZxvamP1t04v7iZuuAdojRg_yDhHt4vvqNwSiZ5Kx-MXy362te3HOCy0PJsSSFG75Q/nOp-N3OUQWaOJqVKhQaLc6NXOctUaDVx31mPwe9GGyU),,"6,0",ΚΟΥΖΙΝΑ,11/13/2025 12:39pm
A8121,ALEX,"5,0",OIK87.2.1,15/12/2025,A8121,A8121,I124 DOOR STOP ZINC ALLOY MATT BLACK,image.png (https://v5.airtableusercontent.com/v3/u/55/55/1785175200000/pIxAmFfQixPCOysWFqHeSw/toFBqZzHGXfF32EBn6l24boLTdRfcqC0xsBMeyJtxvdNTXWVfauDaqMewkF2UVggkAJBdeMYFzzaGv6ORkmbjLsdf3WUt-tV1yPw8lrT0cc3RpDdag2UZ1RX9zIpY_hyo4o3TV-XZj7-ECFbBArsfw/1MUw7hWQvYkpnRBMY7EMWIlDJKVmcqAlFLUklwIYHAE),,"-35,0",ΠΟΡΤΕΣ,11/13/2025 12:30pm
A7646CHRRIGHT,ALEX,"4,0",OIK87.2.1,28/11/2025,A7646CHRRIGHT,A7646CHRRIGHT,I128 DOOR HANDLE CHROME RIGHT & KEYHOLE,image.png (https://v5.airtableusercontent.com/v3/u/55/55/1785175200000/ByxJ-6Mm8V2aJttmvIsoYQ/Z54S0PA6ZLeT3hAG3VFoSEP-pr9M_EKtQ6PHX2ApG45Q-xzSn_ochWccHyI8heuuTukXmlYWs0mqyGyxPzCxKwWUPMWC_KqndYhhUiNsM4uOihyWDJ6eikHnVKER4wxYPpTdvrx1aElt7TOyHbM5mg/O3IgD5k1YRUxYtt8tYSJWge01P-ff5hyVHQbzhIPiU0),,"85,0",ΠΟΡΤΕΣ,11/13/2025 12:29pm
A7646CHRLEFT,ALEX,"4,0",OIK87.2.1,27/11/2025,A7646CHRLEFT,A7646CHRLEFT,I128 DOOR HANDLE CHROME LEFT & KEYHOLE,image.png (https://v5.airtableusercontent.com/v3/u/55/55/1785175200000/njd8H8QJfEFBNBhQHM8UFQ/tbDdpMox8s4OEoRncaoA_ijS8JM3rxNiJ0pR2RX0gE5P-Ght7XKDd7XMGsxU7ASbMTTr-jSi6lgfuaxyNEkcpcpd9GNufhHFdVqR0EldmFX0FvysHUSpPE-GrhN83OAF6NRhi-F-Xpc_qiSXhi36Ig/DbclG3lR_FEISxY4Lapxk9J-tVypNWDxCFxSvDPUrpI),,"100,0",ΠΟΡΤΕΣ,11/13/2025 12:29pm
B4087,ELLI,"55,0",OIK109,,B4087,B4087,I197 ΠΛΑΣΤΙΚΗ ΡΑΓΑ ΚΟΥΡΤΙΝΩΝ 6Μ/ΤΜΧ,image.png (https://v5.airtableusercontent.com/v3/u/55/55/1785175200000/CrPMQhLG3VAva2IvYAdvXA/qbwBg4AXEYrX2-KKz8Yi786Je-J2D0AnuiGYAm-Gps7qcSoDPbXkFJoSX64EOrXOtaHrLI-qfwzqXtfMEsM89tOlLg3i1VbhDZHXo48JQTYW78cImY1Km6p_dJucYYDiAf-yf2tXUzfeoSMhSbMNog/Fljb4YJun0rSEHgOspq9roR-9k5f-srKJ7806RxOWW4),,"25,0",ΚΟΥΡΤΙΝΕΣ,11/13/2025 11:40am
A8121,ELLI,"26,0",OIK109,,A8121,A8121,I124 DOOR STOP ZINC ALLOY MATT BLACK,image.png (https://v5.airtableusercontent.com/v3/u/55/55/1785175200000/pIxAmFfQixPCOysWFqHeSw/toFBqZzHGXfF32EBn6l24boLTdRfcqC0xsBMeyJtxvdNTXWVfauDaqMewkF2UVggkAJBdeMYFzzaGv6ORkmbjLsdf3WUt-tV1yPw8lrT0cc3RpDdag2UZ1RX9zIpY_hyo4o3TV-XZj7-ECFbBArsfw/1MUw7hWQvYkpnRBMY7EMWIlDJKVmcqAlFLUklwIYHAE),,"-35,0",ΠΟΡΤΕΣ,11/13/2025 11:22am
B4086,ELLI,"1,0",OIK109,,B4086,B4086,I165 ΣΤΗΛΗ ΝΤΟΥΣ ΕΞΩΤΕΡΙΚΟΥ ΧΩΡΟΥ ΔΙΠΛΗΣ ΛΕΙΤΟΥΡΓΙΑΣ,image.png (https://v5.airtableusercontent.com/v3/u/55/55/1785175200000/9yaxRvr0lZsRiG_Zb3mp2Q/YPLAb2XaejYP1OHR7syMbr9UvjOGA-_7R5_QDBwCw7tdr8UCip9Kz4yazL2FsyxBk9waCXCPSW1o6Gfgs5XXv2AOulyDsbfByciNnNih7RZK4HuXkl9ZA0eWxUha9iM5tNC4AH-s1CZu8x9d-Hk7aQ/tF6stfuQzUMDsFPHmczNIQFqh3AxC1ZHng9tCaLC3QM),,"13,0",ΜΠΑΝΙΟ,11/13/2025 11:07am
B4094NO,ELLI,"2,0",OIK102,,B4094NO,B4094NO,D207 ΕΣΩΤΕΡΙΚΟ ΝΤΟΥΣ F/6513KB-25NO OPAQUE BLACK,,,"6,0",ΜΠΑΝΙΟ,11/5/2025 11:15am
B4084B,ELLI,"1,0",OIK102,,B4084B,B4084B,I135 ΕΞΩΤΕΡΙΚΟ ΝΤΟΥΣ ΜΟΝΗΣ ΛΕΙΤΟΥΡΓΙΑΣ,image.png (https://v5.airtableusercontent.com/v3/u/55/55/1785175200000/h4OTc0TV2RygLilIeHXNXQ/MF0K7D0hXQ2iQf-sZiGZAuR9itWxN2g66LyKb-G4jXmlX0hda4W03N_bbOOMnSPfns866C6AbM3KkD74SWFwB0vAPh-tF1VPHSaqsiXjIQ5TA8IJJhvZAnQz7rOc-pbWmFOK8jnuzU6HV2ypt0vS7A/oQO_7Ax2jhKy7M9vczu6DfqZtxoVFQfkzVJT__Nti2Q),,"43,0",ΜΠΑΝΙΟ,11/4/2025 4:49pm
B4058.1,ELLI,"13,0",OIK109,,B4058.1,B4058.1,"I133 KITCHEN SINK SATIN 606,1X512,6X228,6mm",image.png (https://v5.airtableusercontent.com/v3/u/55/55/1785175200000/7KdIeaTnfok8jSfAxNa_GA/p3YRUyAr863XwcDH2e9Lhd2v2zayirGzaclAQdZy4RNgklbw5Vjf6TCEbXeXBt99oNipOtpjg89-gq9HeKWczZxvamP1t04v7iZuuAdojRg_yDhHt4vvqNwSiZ5Kx-MXy362te3HOCy0PJsSSFG75Q/nOp-N3OUQWaOJqVKhQaLc6NXOctUaDVx31mPwe9GGyU),,"6,0",ΚΟΥΖΙΝΑ,11/4/2025 4:32pm
ZBATH017,NIKI,"5,0",OIK105,,ZBATH017,ZBATH017,I165 GRAB BAR,image.png (https://v5.airtableusercontent.com/v3/u/55/55/1785175200000/5dHXsbZtAavg7KG2QZSMRw/DGaWz4AaNjEpFQr-spebCzFTO3DOcrOdrAV0d9Aty3gO53GDjtY-rz2Jjc8dDINf1UZAYx-qlOYTtXLZ7Gpzwva_jPOKyWL2_B02gjdy1YEvfe_ec4O_UNfzRy9UQor-slJkgw0q1Ji9KtS8tIRjPw/myhEsa_j7LxvmudgP0KKQfAx_VfUtBsZf0SCvwirjec),,"5,0",ΜΠΑΝΙΟ,11/4/2025 4:31pm
ZBATH016,NIKI,"5,0",OIK105,,ZBATH016,ZBATH016,I165 GRAB BAR,image.png (https://v5.airtableusercontent.com/v3/u/55/55/1785175200000/6MmY1CVv_0mQ57bW3wtqjQ/D2-38u_d9KNHGB0b1NyEMMwy14Hofxsuk5oLiIIqvWFuUME35WyQMnE6DFjKjkJu_E3Can6yhwX1ldH4HcMY-1nXYZxdZoOz1QGYeINSvmaIGSDurVkGPmaJAbhCZzP1IcX0rF0L8jjSoez_B1FsLg/XyYp9-3p5_iZ0aZ_rMubwCxgtWo3ZOrwyC85a0_U6x0),,"2,0",ΜΠΑΝΙΟ,11/4/2025 4:31pm
ZBATH015,NIKI,"5,0",OIK105,,ZBATH015,ZBATH015,I165 GRAB BAR,image.png (https://v5.airtableusercontent.com/v3/u/55/55/1785175200000/i8rOdzj9psCUdKhcIshH6Q/YIB3mVS_b5Wn1aSlH7pUUohNRTOuwBa9T5lcEClVvcPx9Ze5T4SDYa_7pZikBc_M3tO_mcDa1yl8wKDiiOOcqFlfZfvlCZ4Lxr0H3ocT4BPU7RraLhEGc_RM49FdAZyKaeaCZ59zGBhFwHCGy-jDxQ/1KGsoHuBNyNqNK26meny-DjgQuq_Yuoxgd8GAsZUWBU),,"1,0",ΜΠΑΝΙΟ,11/4/2025 4:30pm
ZBATH021,NIKI,"60,0",OIK105,,ZBATH021,ZBATH021,I165 FLOOR DRAIN,image.png (https://v5.airtableusercontent.com/v3/u/55/55/1785175200000/leD5f8q2fAs9wpZPvLlMfw/Uzvf5mTrB98AwvYhzJb86Xbe93lbVF9hadWbyTUpiawvHY-9LU-ssc1weQly8JAC11lZBgf-93Ojv3l67mkBUPAE1y7vPY4scmBQeX-SGrncLn7N07pVpOseGF5wo2zBihU3ITcD8sMXyUIYRkZ3vQ/TnPWP29UNeOb2NS4bH4kFVODI-pLHz8sZo8QYDmytwg),,"-14,0",ΜΠΑΝΙΟ,11/4/2025 4:30pm
ZBATH020,NIKI,"30,0",OIK5.11.1,4/11/2025,ZBATH020,ZBATH020,I165 FLOOR DRAIN,image.png (https://v5.airtableusercontent.com/v3/u/55/55/1785175200000/XOwWD7NV5bzcrGThLfTKmA/ixf3iQCG_a5Ds-6qsv9ys7QL8cgeMsz1uGFpBhNngJLnTAPAGm_GQ4nyIRmiBkGReGdWVNf_Xggajn-mc-Ge_vuelAZCaiubapj2OudqKwNWR8Wb6uupQh5A32NtHAevx87S4DaAUSQd8YwnFRH_uA/oRCZSrujV0dizQ0dTajEMBe2sdXr8FJXWR57BMDkRIM),,"0,0",ΜΠΑΝΙΟ,11/4/2025 4:29pm
ZBATH020,NIKI,"10,0",OIK5.11.1,4/11/2025,ZBATH020,ZBATH020,I165 FLOOR DRAIN,image.png (https://v5.airtableusercontent.com/v3/u/55/55/1785175200000/XOwWD7NV5bzcrGThLfTKmA/ixf3iQCG_a5Ds-6qsv9ys7QL8cgeMsz1uGFpBhNngJLnTAPAGm_GQ4nyIRmiBkGReGdWVNf_Xggajn-mc-Ge_vuelAZCaiubapj2OudqKwNWR8Wb6uupQh5A32NtHAevx87S4DaAUSQd8YwnFRH_uA/oRCZSrujV0dizQ0dTajEMBe2sdXr8FJXWR57BMDkRIM),,"0,0",ΜΠΑΝΙΟ,11/4/2025 4:28pm
ZBATH020,NIKI,"60,0",OIK105,4/11/2025,ZBATH020,ZBATH020,I165 FLOOR DRAIN,image.png (https://v5.airtableusercontent.com/v3/u/55/55/1785175200000/XOwWD7NV5bzcrGThLfTKmA/ixf3iQCG_a5Ds-6qsv9ys7QL8cgeMsz1uGFpBhNngJLnTAPAGm_GQ4nyIRmiBkGReGdWVNf_Xggajn-mc-Ge_vuelAZCaiubapj2OudqKwNWR8Wb6uupQh5A32NtHAevx87S4DaAUSQd8YwnFRH_uA/oRCZSrujV0dizQ0dTajEMBe2sdXr8FJXWR57BMDkRIM),,"0,0",ΜΠΑΝΙΟ,11/4/2025 4:27pm
ZBATH018,NIKI,"10,0",OIK5.11.1,4/11/2025,ZBATH018,ZBATH018,I165 BASIN POPUP DRAIN WITHOUT OVEREFLOW,image.png (https://v5.airtableusercontent.com/v3/u/55/55/1785175200000/DIdBnVqLMu3AyvuPcseOiA/RhQ-9nw-K5MGnh90IZlNx-5wvrWz9umMuBQrR2gLr6ELeqxcHPbLMVIbPDGO5EUzPO1uowQ8IeJkGxTsFXvXhx6KMYpkYmdqJin2cikTkV1oWQtLeFCALi0SGJW6oNoxuG7sRaN7qisoOOxDJqx_ew/ZuEsUgNoS-YYpq3wSy1HhlZ2oqfBUg_Vz-9Zj3AVDvI),,"30,0",ΜΠΑΝΙΟ,11/4/2025 4:10pm
ZBATH018,NIKI,"60,0",OIK105,4/11/2025,ZBATH018,ZBATH018,I165 BASIN POPUP DRAIN WITHOUT OVEREFLOW,image.png (https://v5.airtableusercontent.com/v3/u/55/55/1785175200000/DIdBnVqLMu3AyvuPcseOiA/RhQ-9nw-K5MGnh90IZlNx-5wvrWz9umMuBQrR2gLr6ELeqxcHPbLMVIbPDGO5EUzPO1uowQ8IeJkGxTsFXvXhx6KMYpkYmdqJin2cikTkV1oWQtLeFCALi0SGJW6oNoxuG7sRaN7qisoOOxDJqx_ew/ZuEsUgNoS-YYpq3wSy1HhlZ2oqfBUg_Vz-9Zj3AVDvI),,"30,0",ΜΠΑΝΙΟ,11/4/2025 4:10pm
A8597,NIKI,"60,0",OIK105,4/11/2025,A8597,A8597,I124 DOOR STOP F29 H29,image.png (https://v5.airtableusercontent.com/v3/u/55/55/1785175200000/jB8OQp9qniTl9zE16-kicA/XEGrMm1meLvntZ7yBB3-sj4v430svr_-L2lIK2yoRK9Z0MEGnObUoinY9u1gJ4gobd9gfwHxCp5l4_koBYIJ2F33ReKpCv2bf8fEcZp3G9yNJaisz3zASPeics2GIPCUZTytshhdZzS_trpQWW8WwQ/EO-BfFDvWLfDp2vCBkHuRgaUB4ccwNWYaxXuoCy-Oy0),,"40,0",ΠΟΡΤΕΣ,11/4/2025 4:09pm
B4058.1B,ELLI,"1,0",OIK102,,B4058.1B,B4058.1B,"I133 KITCHEN SINK PVD 606,1X512,6X228,6mm",image.png (https://v5.airtableusercontent.com/v3/u/55/55/1785175200000/FTbZ-jrCBq9L2xHdpCotsw/9NsaXse7YLkrAaXCLn60yXNWvKnE6aLUg9YwBZy6aGUANk-WTAGu8fJRRmKWzMLR7d-XeK7hxoVbPmPnA0r26cSxAttim-4Lttu6OO3NjI-Jz7tAZiOrVwbAmsf0BIIDVs0k2uWleHTwHzy2-c317w/nh2cQXHTNIcGM8O1zZ3UQEi5o9VLYDWiqDhYo3iXPPk),,"0,0",ΚΟΥΖΙΝΑ,11/4/2025 4:08pm
ZBATH003W,NIKI,"10,0",OIK5.11.1,4/11/2025,ZBATH003W,ZBATH003W,I258 HIDDEN WATER TANK WITH ABS WHITE BUTTON 1080X510X80MM ,image.png (https://v5.airtableusercontent.com/v3/u/55/55/1785175200000/qUWQgdn8u-1fYOAkV-_0fQ/o5dm_H1uumMuBPtzryaa45yATmao8wKjQTjfZfsRT54yS6O4qkFdk-IMcC1nmGPkNceQOm8Le0_W4edbGM_npNTCFNhEJK5imLxrdDQcqYRSWbmqbztjPcsRQghnC7YFMGbODtiHre0_k9oZeoLvsw/uZ0lgyy_Q6cg9pKozN4yPtD6bGVdyg83wH01e3eeaLc),,"50,0",ΜΠΑΝΙΟ,11/4/2025 4:02pm
ZBATH003W,NIKI,"60,0",OIK105,4/11/2025,ZBATH003W,ZBATH003W,I258 HIDDEN WATER TANK WITH ABS WHITE BUTTON 1080X510X80MM ,image.png (https://v5.airtableusercontent.com/v3/u/55/55/1785175200000/qUWQgdn8u-1fYOAkV-_0fQ/o5dm_H1uumMuBPtzryaa45yATmao8wKjQTjfZfsRT54yS6O4qkFdk-IMcC1nmGPkNceQOm8Le0_W4edbGM_npNTCFNhEJK5imLxrdDQcqYRSWbmqbztjPcsRQghnC7YFMGbODtiHre0_k9oZeoLvsw/uZ0lgyy_Q6cg9pKozN4yPtD6bGVdyg83wH01e3eeaLc),NIKI,"50,0",ΜΠΑΝΙΟ,11/4/2025 4:02pm
ZBATH001,NIKI,"10,0",OIK5.11.1,4/11/2025,ZBATH001,ZBATH001, I258 WALL HUNG TOILET UF SEAT COVER P-TRAP180MM RIMLESS 490X360X360MM ,image.png (https://v5.airtableusercontent.com/v3/u/55/55/1785175200000/97PEZ-QqWfpRu13VqHa5cg/xBeLViCEVYG5b3Etr6gXZ3-71IuTuWjYbMuqQv1I1rk9xKLNHZ-pMwdd3TpyYI-E1dd8Kr2C7dgroQ-K7lc-H0GM8FE_UrUyTfLpt9DPV6rGwGMrITsMhL4Jd3sDelvMEIpa0TQ-NqR0dsRXqAKUoA/06kx7rp_Gs90yT86Jhs4TbkKbx7c-YZZnMpdXQiHE2o),,"47,0",ΜΠΑΝΙΟ,11/4/2025 4:01pm
ZBATH001,NIKI,"60,0",OIK105,4/11/2025,ZBATH001,ZBATH001, I258 WALL HUNG TOILET UF SEAT COVER P-TRAP180MM RIMLESS 490X360X360MM ,image.png (https://v5.airtableusercontent.com/v3/u/55/55/1785175200000/97PEZ-QqWfpRu13VqHa5cg/xBeLViCEVYG5b3Etr6gXZ3-71IuTuWjYbMuqQv1I1rk9xKLNHZ-pMwdd3TpyYI-E1dd8Kr2C7dgroQ-K7lc-H0GM8FE_UrUyTfLpt9DPV6rGwGMrITsMhL4Jd3sDelvMEIpa0TQ-NqR0dsRXqAKUoA/06kx7rp_Gs90yT86Jhs4TbkKbx7c-YZZnMpdXQiHE2o),,"47,0",ΜΠΑΝΙΟ,11/4/2025 4:00pm
ZSAKF,ELLI,"13,0",OIK109,,ZSAKF,ZSAKF,I122 ΜΠΑΤΑΡΙΑ ΝΕΡΟΧΥΤΗ ΚΟΥΖΙΝΑΣ,image.png (https://v5.airtableusercontent.com/v3/u/55/55/1785175200000/_aoKVLUR2juXFMKy-LgI_w/b4G5zJhCM7pH2r7dLhCj8zNYKSrC8gTS8xjJyo50ucmwhryOlfhAPXzvEMQV0BHDqgJU9-1WeNEExG21d8dpLL-svbx0l44S4317GdpTb9yJF85RvQuXsluD6r0ctgcen_usJA9SYzToLJVt4AghnA/okyDrvg3xR6sYHCJtuCE71pjoaUDPlgndCIYqfyE2zk),,"34,0",ΚΟΥΖΙΝΑ,11/4/2025 3:58pm
ZSAKFB,ELLI,"2,0",OIK102,,ZSAKFB,ZSAKFB,I122 ΜΠΑΤΑΡΙΑ ΝΕΡΟΧΥΤΗ ΚΟΥΖΙΝΑΣ,image.png (https://v5.airtableusercontent.com/v3/u/55/55/1785175200000/s41koOFyTjVA2vsgaM_Mwg/6Tf-K7-Ny7F_l16-mpwTh8ksaqLSepz52udgiXA1BqCDAvi381XYqoE6l_IlSZRpzT9zrUBaXbHRF3PSFqnd_LR3JAnApJ49FBPoyBgUpzcoPLRITOs1ityl4gNxgP8dS4_j3-ImqFkNdFvsp-tRBw/gxrGfTq9T1s9ISJ72eLmaRvuuJN__wugw8yURiFqh0Y),,"12,0",ΚΟΥΖΙΝΑ,11/4/2025 3:57pm
ZBATH014,NIKI,"10,0",OIK5.11.1,4/11/2025,ZBATH014,ZBATH014,I165 CONCEALED BIDET MIXER WATER JET,image.png (https://v5.airtableusercontent.com/v3/u/55/55/1785175200000/Lmvoph9SUKQ5HAkGAtZQtQ/FURQFCdguwT1prPxsh19-wPnOg4yM47mscHQQrcGXfWQZjkBgP5ogT2RO-NGoMC8fpKaQZRnn0G9a3xY4cqpjLtX5c_ZtwDBg4L5mKNQ0g83iv1QpI99pnPIUfUvKdtDyXYjomR4Crp6cg_P9nrt6Q/35Q8UFWFfWGS46J-Umw42zcVty8Y2S2ZNucmhHuznm8),,"26,0",ΜΠΑΝΙΟ,11/4/2025 3:56pm
B4051,ELLI,"30,0",OIK109,,B4051,B4051,I135 Bibcock Satin V912C 01 16 2,image.png (https://v5.airtableusercontent.com/v3/u/55/55/1785175200000/hJgg5j9FQpIOlU5D9lC1_g/pPLi7dEJ6XP0DN991m4DfIsmXNw5oUHpf_c2dGO4OjX0YeR3NVED2N2cNAdKp_LVhFWKxEd6srV2FJYcQzfeWj-Xu5NHLKUWL4SnfT9VUfuAUpo2AST996N1bocbbGhOgBBZ0EEbZKGVk01muOV0fA/3ZDhnSFUk3alI0sJAQ3L0gsSAStOEbiH7n-xOcgjcVc),,"135,0",ΜΠΑΝΙΟ,11/4/2025 3:53pm
ZBATH014,NIKI,"60,0",OIK105,4/11/2025,ZBATH014,ZBATH014,I165 CONCEALED BIDET MIXER WATER JET,image.png (https://v5.airtableusercontent.com/v3/u/55/55/1785175200000/Lmvoph9SUKQ5HAkGAtZQtQ/FURQFCdguwT1prPxsh19-wPnOg4yM47mscHQQrcGXfWQZjkBgP5ogT2RO-NGoMC8fpKaQZRnn0G9a3xY4cqpjLtX5c_ZtwDBg4L5mKNQ0g83iv1QpI99pnPIUfUvKdtDyXYjomR4Crp6cg_P9nrt6Q/35Q8UFWFfWGS46J-Umw42zcVty8Y2S2ZNucmhHuznm8),,"26,0",ΜΠΑΝΙΟ,11/4/2025 3:53pm
ZBATH009,NIKI,"10,0",OIK5.11.1,4/11/2025,ZBATH009,ZBATH009,I165 IN WALL SHOWER SET,image.png (https://v5.airtableusercontent.com/v3/u/55/55/1785175200000/N8S5CoP6HCTPTMywGj2HRw/dNe64P4HYTga60MFk1vPDF0ha0xbs_piNhjbvBs-cR6mGo19mSkqrLSMviR68PbuIG3kWqrAYho3l_KlfWzzkyO3An-GIPv31ZbCoxsSFWKTKMrukpVwvN-B-k1tV0p6o464QgR-8LE0CLv383eSLA/h8VhR5i4eIRWJ3GZEpj0Xbise-l7CeM66jeli1wdpsA),,"32,0",ΜΠΑΝΙΟ,11/4/2025 3:51pm
ZBATH009,NIKI,"50,0",OIK105,4/11/2025,ZBATH009,ZBATH009,I165 IN WALL SHOWER SET,image.png (https://v5.airtableusercontent.com/v3/u/55/55/1785175200000/N8S5CoP6HCTPTMywGj2HRw/dNe64P4HYTga60MFk1vPDF0ha0xbs_piNhjbvBs-cR6mGo19mSkqrLSMviR68PbuIG3kWqrAYho3l_KlfWzzkyO3An-GIPv31ZbCoxsSFWKTKMrukpVwvN-B-k1tV0p6o464QgR-8LE0CLv383eSLA/h8VhR5i4eIRWJ3GZEpj0Xbise-l7CeM66jeli1wdpsA),,"32,0",ΜΠΑΝΙΟ,11/4/2025 3:50pm
ZBATH005.2,NIKI,"5,0",OIK105,4/11/2025,ZBATH005.2,ZBATH005.2,I165 CONCEALED BASIN MIXER 210mm,image.png (https://v5.airtableusercontent.com/v3/u/55/55/1785175200000/XHytqgWOftgNhJmZ_YVhPg/TWgITW3iQgTkAk012oKOBNokEUHLHLGQ2RibSHmG0xDdjEJMH7GBVEeRTnXc_pQtGUBI-wzGI1n_u4cbXv5JC2QR8EbV6e2UYdmdCQ9KOs3xumGQ6GelsEOIp7_CKAp4O2hJ3ajOeVSpd8NlN9eICQ/n3ikfvQzUpRZy9At-cJ8rDhzr4DS5ijTc-c-Br2jNGg),,"31,0",ΜΠΑΝΙΟ,11/4/2025 3:50pm
ZBATH005.2,NIKI,"10,0",OIK5.11.1,,ZBATH005.2,ZBATH005.2,I165 CONCEALED BASIN MIXER 210mm,image.png (https://v5.airtableusercontent.com/v3/u/55/55/1785175200000/XHytqgWOftgNhJmZ_YVhPg/TWgITW3iQgTkAk012oKOBNokEUHLHLGQ2RibSHmG0xDdjEJMH7GBVEeRTnXc_pQtGUBI-wzGI1n_u4cbXv5JC2QR8EbV6e2UYdmdCQ9KOs3xumGQ6GelsEOIp7_CKAp4O2hJ3ajOeVSpd8NlN9eICQ/n3ikfvQzUpRZy9At-cJ8rDhzr4DS5ijTc-c-Br2jNGg),,"31,0",ΜΠΑΝΙΟ,11/4/2025 3:49pm
ZBATH005.2,NIKI,"50,0",OIK105,4/11/2025,ZBATH005.2,ZBATH005.2,I165 CONCEALED BASIN MIXER 210mm,image.png (https://v5.airtableusercontent.com/v3/u/55/55/1785175200000/XHytqgWOftgNhJmZ_YVhPg/TWgITW3iQgTkAk012oKOBNokEUHLHLGQ2RibSHmG0xDdjEJMH7GBVEeRTnXc_pQtGUBI-wzGI1n_u4cbXv5JC2QR8EbV6e2UYdmdCQ9KOs3xumGQ6GelsEOIp7_CKAp4O2hJ3ajOeVSpd8NlN9eICQ/n3ikfvQzUpRZy9At-cJ8rDhzr4DS5ijTc-c-Br2jNGg),,"31,0",ΜΠΑΝΙΟ,11/4/2025 3:48pm
B4080.2,ELLI,"13,0",OIK109,,B4080.2,B4080.2,I149 ΓΡΑΜΜΙΚΟ ΣΙΦΩΝΙ ΔΑΠΕΔΟΥ 60CM,image.png (https://v5.airtableusercontent.com/v3/u/55/55/1785175200000/Iq6JJnfDuSvzfWr4VGRrqQ/-cbIYQJ4z3lvpaVsWhM4APMCHFPTqCYs-sNyrjj9WPeNh-SGcUIzfsotPn4vFasQvJq9CyVagsSILtT_HqYc5mcOAovbAev4aHi1VfVxGVPVA2UMT6jLhaHou51EK0JhZ2CGDUMScc0o3M1f-3N4YQ/s9Rw0BYTlOcNLAYK6QBTf9XjtmiCmElVMAAZfdHTkPU),,"26,0",ΜΠΑΝΙΟ,11/4/2025 3:48pm
ZBATH004,ELLI,"2,0",OIK102,,ZBATH004,ZBATH004,I258 WALL HUNG TOILET'S UF SEAT COVER,image.png (https://v5.airtableusercontent.com/v3/u/55/55/1785175200000/1MjTWIZhCaL95MliUHniQw/yjXjJcDqO8weOONiyagUKa0ObtnOMQWmukoDnScofH4X-WDYHwtooInEY3mbQVyVpD5vUhwJg9y3REn2PXGq-dOh7g06pGBFYpXcwMePItTszo9-DYtnySzbK0yZxZDNr5ZgEnlZU34_K5O3-raNBQ/WPIxwMaAIXs8irjzHjAGLnepUMWObJEhB-Czme1WyFk),,"84,0",ΜΠΑΝΙΟ,11/4/2025 3:43pm
ZBATH001,ELLI,"2,0",OIK102,,ZBATH001,ZBATH001, I258 WALL HUNG TOILET UF SEAT COVER P-TRAP180MM RIMLESS 490X360X360MM ,image.png (https://v5.airtableusercontent.com/v3/u/55/55/1785175200000/97PEZ-QqWfpRu13VqHa5cg/xBeLViCEVYG5b3Etr6gXZ3-71IuTuWjYbMuqQv1I1rk9xKLNHZ-pMwdd3TpyYI-E1dd8Kr2C7dgroQ-K7lc-H0GM8FE_UrUyTfLpt9DPV6rGwGMrITsMhL4Jd3sDelvMEIpa0TQ-NqR0dsRXqAKUoA/06kx7rp_Gs90yT86Jhs4TbkKbx7c-YZZnMpdXQiHE2o),,"47,0",ΜΠΑΝΙΟ,11/4/2025 3:42pm
ZBATH022B,ELLI,"2,0",OIK102,,ZBATH022B,ZBATH022B,I258 SPARE ABS  BLACK BUTTON FOR HIDDEN WATER TANK ZBATH003 ,image.png (https://v5.airtableusercontent.com/v3/u/55/55/1785175200000/2rb3owf3ZQrDUjaOkh7FCQ/C0T_6N17gRSi28uF0nzD36_IB8veKL5_1G8TSCV1MXM-ZIPAgaEjD12J5XNRm3XOHHs3Lo7IIJlBQk3R5ktGdqiV36TOQ8iQrcJkLPcdmNRx_jXGENB3Nl9E6odgdznyCdCAvulj1oK3flVY1anRnA/Bw4ipcVgCP6PZ17l_IjQRQj98hgsA35nml-NupSMPEo),,"18,0",ΜΠΑΝΙΟ,11/4/2025 3:42pm
ZBATH003W,ELLI,"2,0",OIK102,,ZBATH003W,ZBATH003W,I258 HIDDEN WATER TANK WITH ABS WHITE BUTTON 1080X510X80MM ,image.png (https://v5.airtableusercontent.com/v3/u/55/55/1785175200000/qUWQgdn8u-1fYOAkV-_0fQ/o5dm_H1uumMuBPtzryaa45yATmao8wKjQTjfZfsRT54yS6O4qkFdk-IMcC1nmGPkNceQOm8Le0_W4edbGM_npNTCFNhEJK5imLxrdDQcqYRSWbmqbztjPcsRQghnC7YFMGbODtiHre0_k9oZeoLvsw/uZ0lgyy_Q6cg9pKozN4yPtD6bGVdyg83wH01e3eeaLc),,"50,0",ΜΠΑΝΙΟ,11/4/2025 3:42pm
ZBATH003W,ELLI,"14,0",OIK109,,ZBATH003W,ZBATH003W,I258 HIDDEN WATER TANK WITH ABS WHITE BUTTON 1080X510X80MM ,image.png (https://v5.airtableusercontent.com/v3/u/55/55/1785175200000/qUWQgdn8u-1fYOAkV-_0fQ/o5dm_H1uumMuBPtzryaa45yATmao8wKjQTjfZfsRT54yS6O4qkFdk-IMcC1nmGPkNceQOm8Le0_W4edbGM_npNTCFNhEJK5imLxrdDQcqYRSWbmqbztjPcsRQghnC7YFMGbODtiHre0_k9oZeoLvsw/uZ0lgyy_Q6cg9pKozN4yPtD6bGVdyg83wH01e3eeaLc),,"50,0",ΜΠΑΝΙΟ,11/4/2025 3:38pm
ZBATH004,ELLI,"14,0",OIK109,,ZBATH004,ZBATH004,I258 WALL HUNG TOILET'S UF SEAT COVER,image.png (https://v5.airtableusercontent.com/v3/u/55/55/1785175200000/1MjTWIZhCaL95MliUHniQw/yjXjJcDqO8weOONiyagUKa0ObtnOMQWmukoDnScofH4X-WDYHwtooInEY3mbQVyVpD5vUhwJg9y3REn2PXGq-dOh7g06pGBFYpXcwMePItTszo9-DYtnySzbK0yZxZDNr5ZgEnlZU34_K5O3-raNBQ/WPIxwMaAIXs8irjzHjAGLnepUMWObJEhB-Czme1WyFk),,"84,0",ΜΠΑΝΙΟ,11/4/2025 3:35pm
ZBATH001,ELLI,"14,0",OIK109,,ZBATH001,ZBATH001, I258 WALL HUNG TOILET UF SEAT COVER P-TRAP180MM RIMLESS 490X360X360MM ,image.png (https://v5.airtableusercontent.com/v3/u/55/55/1785175200000/97PEZ-QqWfpRu13VqHa5cg/xBeLViCEVYG5b3Etr6gXZ3-71IuTuWjYbMuqQv1I1rk9xKLNHZ-pMwdd3TpyYI-E1dd8Kr2C7dgroQ-K7lc-H0GM8FE_UrUyTfLpt9DPV6rGwGMrITsMhL4Jd3sDelvMEIpa0TQ-NqR0dsRXqAKUoA/06kx7rp_Gs90yT86Jhs4TbkKbx7c-YZZnMpdXQiHE2o),,"47,0",ΜΠΑΝΙΟ,11/4/2025 3:34pm
B4053B,ELLI,"2,0",OIK102,,B4053B,B4053B,I135 Bottle trap Matt Black P102 01 12 1,image.png (https://v5.airtableusercontent.com/v3/u/55/55/1785175200000/7NcfPwbfm81ArICtrOi3Kg/icpAwGOUnVexkpfpftmXsl-dwgpggkvNyJRYFu5jPBaD54kLCLLHqEC7la9oLVlgR1UkoDTXO2resUbzPGlU31544YjwXvTJllaYHDN0Jyd9MkxBSQwOkfXTgLtd9l85zKwxi0u-BLrvthBi7KMYDw/SXELnnP0HnoiVCnvpP1x0D7yifXc8EqFImsQ1r2_DO4),,"109,0",ΜΠΑΝΙΟ,11/4/2025 2:31pm
B4052B,ELLI,"2,0",OIK102,,B4052B,B4052B,I135 Pop - Up Drain Matt Black D101 01 12 1,image.png (https://v5.airtableusercontent.com/v3/u/55/55/1785175200000/hf83SzVg4FM8u8_jN3oNfg/HQ-AKbj0GpPmLj9GfJ2zEcIXzFDUJzT7rldyz5nQYg_DEDov-dYy-RoCfDEMV17-7uaBOmoLlQ5k14qr4YLZ8-Fay_NJJEhyfPUQt4hVKEZ59RMSKEDrtxWHfuLiLPsz90FBuAWTSfujcJ8k2VqwEA/MeDkZZyoBRIcMT48bQicKXdWwft4idmpXB7wHRKMaz4),,"103,0",ΜΠΑΝΙΟ,11/4/2025 2:30pm
B4050B,ELLI,"2,0",OIK102,,B4050B,B4050B,I135 Bidet sprayer set Matt Black AC218 03 15 2,image.png (https://v5.airtableusercontent.com/v3/u/55/55/1785175200000/4_NHW_q7xwAgbJnnaedMYQ/fk13lRqHj-EqXpbs6MWBjl2ENwjOMSTbsZ2s7or_UHvTUe-N9Kj2ECZNibiVt48N1EBTGHWhBhPjQZ12eOZCFfeGKNfFXTN9RVphkDgd2oIVV5IN3xyCZlhJpXCBXAIWmG7JtUYj6ruLLEhCZqOw-Q/KplLEnN_iG2oQ9KpJpynHAl2J-MSR8zdVJj1ZbnGZSg),,"48,0",ΜΠΑΝΙΟ,11/4/2025 2:30pm
A7642BB,ELINA,"6,0",CLIENT,30/9/2025,A7642BB,A7642BB,I107 WOODEN FAN ceiling BLACK blades BLACK motor,image.png (https://v5.airtableusercontent.com/v3/u/55/55/1785175200000/Ln1Xp1q3sKRIxXR7a9ATSw/o9IFJOfzouuWaKkzUXYAmN__Twqq5Xyj2gJsW7AaBXrjMIgtnzrL97W-Msas3ZrZVaPWWD0wK8paP5VLsEn5CKIk-hXjg7iL0CgYFCKImYjJxWFeXcVqMbYnq47A4bnhAGnWje0Z08ApAsB9xPkr9A/iNlR5w6t-dgtriMxkVqrg17gXp9skd6cJQ9ITtrxe0o),,"9,0",ΑΝΕΜΙΣΤΗΡΕΣ ΟΡΟΦΗΣ,9/18/2025 1:39pm
A7642BB,ELINA,"4,0",CLIENT,1/3/2026,A7642BB,A7642BB,I107 WOODEN FAN ceiling BLACK blades BLACK motor,image.png (https://v5.airtableusercontent.com/v3/u/55/55/1785175200000/Ln1Xp1q3sKRIxXR7a9ATSw/o9IFJOfzouuWaKkzUXYAmN__Twqq5Xyj2gJsW7AaBXrjMIgtnzrL97W-Msas3ZrZVaPWWD0wK8paP5VLsEn5CKIk-hXjg7iL0CgYFCKImYjJxWFeXcVqMbYnq47A4bnhAGnWje0Z08ApAsB9xPkr9A/iNlR5w6t-dgtriMxkVqrg17gXp9skd6cJQ9ITtrxe0o),,"9,0",ΑΝΕΜΙΣΤΗΡΕΣ ΟΡΟΦΗΣ,9/18/2025 1:29pm
A7642NW,NIKI,"10,0",OIK5.11.1,,A7642NW,A7642NW,I107 WOODEN FAN ceiling NATURAL blades WHITE motor,image.png (https://v5.airtableusercontent.com/v3/u/55/55/1785175200000/Nz5it-9xwjyjBpveJR3yUQ/LPaf12EOp4coeEg_jHVd6pHHpOQKSVm5-RQ-PTWEpwpKe6XzLRJ_BdunI4J9CW_A4RjKvcVBKIlD_LmaaAl1NRt5kkh3u0jh-xeO3Nekq1oHvS4Fr85yj3jmIwi8wgrMiAmuHUcs61gAbMps2GakrA/lY8K8wQMteyhIgtIeDDM8fiPEuXzzlVcCpJGP8xHMFY),NIKI,"-64,0",ΑΝΕΜΙΣΤΗΡΕΣ ΟΡΟΦΗΣ,7/18/2025 5:06pm
L3226G,NIKI,"60,0",OIK85,31/8/2025,L3226G,L3226G,I208 IP65 OUTDOOR WALL LAMP TRLAC DIMMABLE 6W 3000K 200LM 170x170x200mm,image.png (https://v5.airtableusercontent.com/v3/u/55/55/1785175200000/G9_2PkP3dTCoy8s5tkEgog/dwH-1bBo1bfABGP7n4FPcwfh7lkyP4XujWLXe5q2d4FZH6AdeSOe9X5QG6SGZXFpu-OJ9uCbxbDn2u6ZnIxF3o_NJ6hIcn70ZHoapppZKF1uaBwCa5gHTBTf7sJOgR2DwbIygIcnBAs2AoaX9fvlVg/IQx-B8zcRgiexdt-l41LhICuChFBlTZ9RQW9nDANQaI),,"37,0",ΦΩΤΑ,7/18/2025 4:55pm
A7642BB,ELLI,"3,0",OIK102,10/4/2026,A7642BB,A7642BB,I107 WOODEN FAN ceiling BLACK blades BLACK motor,image.png (https://v5.airtableusercontent.com/v3/u/55/55/1785175200000/Ln1Xp1q3sKRIxXR7a9ATSw/o9IFJOfzouuWaKkzUXYAmN__Twqq5Xyj2gJsW7AaBXrjMIgtnzrL97W-Msas3ZrZVaPWWD0wK8paP5VLsEn5CKIk-hXjg7iL0CgYFCKImYjJxWFeXcVqMbYnq47A4bnhAGnWje0Z08ApAsB9xPkr9A/iNlR5w6t-dgtriMxkVqrg17gXp9skd6cJQ9ITtrxe0o),,"9,0",ΑΝΕΜΙΣΤΗΡΕΣ ΟΡΟΦΗΣ,4/14/2025 1:14pm
L3254,ELLI,"6,0",OIK79.1,15/5/2025,L3254,L3254,I59 ΠΡΟΒΟΛΑΚΙ ΚΗΠΟΥ 7W LED 88Χ190ΜΜ IP65 ΜΕ ΣΤΡΟΓΓΥΛΗ ΒΑΣΗ ΘΕΡΜΟ ΛΕΥΚΟ,image031.png (https://v5.airtableusercontent.com/v3/u/55/55/1785175200000/MvrwdWUZztCn1AuEC2O0AQ/mpbVqRxIKeKXX_sGj5CkEtxlE4f1_MOv50Otct_OFkXUNZgZWXuepF9yFiIfW4-SzCAhDHZusImCS-54BPqBvJO4SDIDkt8cldb-IDDpisBlD3AoVFAyNDHT8wQfr4Hlxfo4ZdVTfWf8Tw5d9l3R1yL55-TT19IV8FrYwX_FCWQ/ZCXhqmS3259c1vYj3FfvqpIlv7N3r3fm6CjZCoMG-f0),,"162,0",ΦΩΤΑ,4/1/2025 11:56am
L3289W,ELLI,"3,0",OIK79.1,15/5/2025,L3289W,L3289W,I191 ΑΠΛΙΚΑ ΕΠΙΤΟΙΧΙΑ ΕΞΩΤΕΡΙΚΟΥ ΧΩΡΟΥ 230Χ80Χ27ΜΜ 1.8W 3000K IP65,image.png (https://v5.airtableusercontent.com/v3/u/55/55/1785175200000/TGN_nAMEe1c9efj3wjIwDQ/3oBYBqGDwbZkpTmfIhaco56WgAV6x1HE4b0JzoXWLXuOfSvQ9csICw2tmGcFxJZe9vZHY8MlIYjRun1ct-6UHCRRjmMwd1S8dUNiNxKFqi2Ghm6hfgWXagqbhigs5WMjTXqRlESwmhN3d6LbixlCcA/ka9Se7cKD2qdz1fw0D_GeUkCyUCrfvG0Wx9sF4MsVUA),,"-213,0",ΦΩΤΑ,4/1/2025 11:55am
L3273B,ELLI,"20,0",OIK79.1,25/5/2025,L3273B,L3273B,I59 SOLAR LIGHT ΚΗΠΟΥ 4W ΜΕ ΚΑΡΦΙ 280Χ330ΜΜ IP65 ΘΕΡΜΟ ΛΕΥΚΟ,image034.png (https://v5.airtableusercontent.com/v3/u/55/55/1785175200000/LMKTXvzrDf1X8KdgueGuYA/9rFr674vfzJnqh7I0OfvxQwY60KqOhqIakHhxuFnWSw3ziLDd2rhQ-0WIWkN-9EKQB2AgcZ5gtIjtKiplptSQnD9vp7pG5Bbe6w6-8Njx4kv1u7hSLChzXyln1yu0Z5hS_8kKG85IsUXCifVQ4ktf5dGDDWgeiJgtVJWtumE0Mw/bh8Dclndy4nVALSqhAFDyRGfp-nssSGcSt0jkGHvxEc),,"454,0",ΦΩΤΑ,4/1/2025 11:53am
L3248,ELLI,"1,0",OIK79.1,15/5/2025,L3248,L3248,I59 ΑΠΛΙΚΑ ΟΡΟΦΗΣ 5W 210Χ110Χ90MM,image048.png (https://v5.airtableusercontent.com/v3/u/55/55/1785175200000/r4oI0nQOuuyk0YtjhuAreQ/0cpT3TcxiHSAym4XGdJQKSREJqkPHY4s9_nl77-g5KBj93PkpYDKAe31NvHsTX89k7nJYaVGwSx4FJct5Ve7zzAqRNGOBnynjYTiNHT1R-kc8TOYEKr8DvpuJ-eQXCL9P1OeAF87HHselWaYTMDfW-cQW9TERS1nFQCFbR7qYWI/LPjpvFxGkvbN7eE3bMy1bOoMKsIDZgM9g355qFAxBeo),,"58,0",ΦΩΤΑ,4/1/2025 11:52am
L3246,ELLI,"19,0",OIK79.1,15/5/2025,L3246,L3246,I59 ΕΞΩΤΕΡΙΚΟ ΧΩΝΕΥΤΟ ΣΠΟΤ ΑΛΟΥΜΙΝΙΟΥ 42Χ80ΜΜ IP65 0.3MVDE Wire,image025.png (https://v5.airtableusercontent.com/v3/u/55/55/1785175200000/_ElGDvtgOD7BKBw09dXXFg/VQGeNCebyLH4nHwXqDntTnoXNKyrNkdNUzFRBHdWXjKhdwZ-ho-4KuQbJUzV8-jbQXhHYJO-OoXpCBkmtYuqdJ_K1jre4ay2oGUt5Ecg1LINLWSBA7pBaoG0jjH-ULqE2EoqoiCEfmEH_CTmSGTwEypgIHtWhU9sLQfAZzEBPxk/SWyNJ1gzcq0Iv1JYMtgiHp95s7jbKCeCT2-nCY4wW1Q),,"196,0",ΦΩΤΑ,4/1/2025 11:51am
TL033.3,VASIA,"32,0",OIK87.3.2,6/3/2025,TL033.3,TL033.3,B169 STEP WALK RIVER STONE 60x30x2,image.png (https://v5.airtableusercontent.com/v3/u/55/55/1785175200000/8L-8K8hvyb66dDTV0QnLEg/VVV0E0VU6uSZjZdAXlh1RPU_t6E3YoCZfZWVnLGvicg3Iq5KkOeB-Fm4MSwl81YMuNqKhNFJtSmNqKQhguY1sGzx27YBaAPQuVlLPxmJAL_qeGBAZpVYp_rtd0rHCIx3CCpmTlO7UcFVMo1elcJhxg/vWznbcZ3nAbENCyWQgdwr9ZyAGdQGjWWlnjzPFTrgeU),,"92,0",TILES,3/6/2025 10:06am
A7646B,NIKI,"25,0",OIK85,1/4/2025,A7646B,A7646B,I128 DOOR HANDLE BLACK PAIR & KEYHOLES,image.png (https://v5.airtableusercontent.com/v3/u/55/55/1785175200000/hhiDtW2UA2NY-FEZ-U1jcw/8gz8PICn2XgDqyV5dD6NZ5D-bMQ_C4g0CUsi5KugcmhLROea1vrH0ae0VNxj9UQXFTXH9tIP0oDV6B9HN9YqLXdF7Dp9oCEExhuMoeNfF17oiy8Kiz_bMa3DBLQWVzrsfsBDrKVRLOT9aA2jbtS9qg/qsU-bWEy3Uh3Ormh0-IjQlOP4c3u6vsiy-CoH8AIB8s),,"15,0",ΠΟΡΤΕΣ,2/21/2025 4:19pm
L3274,CAROLIN,"2,0",OIK93.1.2,1/5/2025,L3274,L3274,I59 ΗΛΙΑΚΟΣ ΠΡΟΒΟΛΕΑΣ ΑΛΟΥΜΙΝΙΟΥ 360Χ400Χ17ΜM 15W IP65,image037.png (https://v5.airtableusercontent.com/v3/u/55/55/1785175200000/mDGFM-Q97QUWnuaDe5Kjfw/n_kJB4--eZIVTkPf9rD05F-Yzu9eutucTmdof-BcIu_G8zm0B3f4MeApfCLzlIUp4GDjzzQsMPaljKNbfUl3mgZS2SwadKKIzLEqc8w9gdZPLExKc4piJCaM6LohnX_uK8aA3uGO5Mj_Rj9cZTV5zAuVxwlq6G5RTuegMHBX86w/SFbk1jrppDDLfIXyIIG6XtC-K2kRQfcZPSeWc3VoC0w),,"-5,0",ΦΩΤΑ,2/20/2025 3:34pm
A7642NW,NIKI,"70,0",OIK105,15/2/2026,A7642NW,A7642NW,I107 WOODEN FAN ceiling NATURAL blades WHITE motor,image.png (https://v5.airtableusercontent.com/v3/u/55/55/1785175200000/Nz5it-9xwjyjBpveJR3yUQ/LPaf12EOp4coeEg_jHVd6pHHpOQKSVm5-RQ-PTWEpwpKe6XzLRJ_BdunI4J9CW_A4RjKvcVBKIlD_LmaaAl1NRt5kkh3u0jh-xeO3Nekq1oHvS4Fr85yj3jmIwi8wgrMiAmuHUcs61gAbMps2GakrA/lY8K8wQMteyhIgtIeDDM8fiPEuXzzlVcCpJGP8xHMFY),,"-64,0",ΑΝΕΜΙΣΤΗΡΕΣ ΟΡΟΦΗΣ,2/5/2025 1:22pm
TL033.3,VASIA,"48,0",OIK87.2.4,21/1/2025,TL033.3,TL033.3,B169 STEP WALK RIVER STONE 60x30x2,image.png (https://v5.airtableusercontent.com/v3/u/55/55/1785175200000/8L-8K8hvyb66dDTV0QnLEg/VVV0E0VU6uSZjZdAXlh1RPU_t6E3YoCZfZWVnLGvicg3Iq5KkOeB-Fm4MSwl81YMuNqKhNFJtSmNqKQhguY1sGzx27YBaAPQuVlLPxmJAL_qeGBAZpVYp_rtd0rHCIx3CCpmTlO7UcFVMo1elcJhxg/vWznbcZ3nAbENCyWQgdwr9ZyAGdQGjWWlnjzPFTrgeU),,"92,0",TILES,1/21/2025 12:52pm
L3289W,ELLI,"25,0",OIK87.3.1,15/6/2025,L3289W,L3289W,I191 ΑΠΛΙΚΑ ΕΠΙΤΟΙΧΙΑ ΕΞΩΤΕΡΙΚΟΥ ΧΩΡΟΥ 230Χ80Χ27ΜΜ 1.8W 3000K IP65,image.png (https://v5.airtableusercontent.com/v3/u/55/55/1785175200000/TGN_nAMEe1c9efj3wjIwDQ/3oBYBqGDwbZkpTmfIhaco56WgAV6x1HE4b0JzoXWLXuOfSvQ9csICw2tmGcFxJZe9vZHY8MlIYjRun1ct-6UHCRRjmMwd1S8dUNiNxKFqi2Ghm6hfgWXagqbhigs5WMjTXqRlESwmhN3d6LbixlCcA/ka9Se7cKD2qdz1fw0D_GeUkCyUCrfvG0Wx9sF4MsVUA),,"-213,0",ΦΩΤΑ,1/20/2025 1:47pm
A7642NB,ELINA,"2,0",CLIENT,20/1/2025,A7642NB,A7642NB,I107 WOODEN FAN ceiling NATURAL blades BLACK motor,image.png (https://v5.airtableusercontent.com/v3/u/55/55/1785175200000/7TpwSgoBPWVotfbrysfqmg/i46MouqdnMexqKzx1pQI68HM1Rr6ROF-skHsBZRJL1cEodNCoZdLWqtM4baMVhItgrl63WFA1cAlm5v98RV0e7QB-oBFpb6tH8tG2kGT3VGGg5t_R_ZwuBgt8Jae2qhHzw1s3fKP7wIqI3LHVdCc9A/x2b1fislTzIEGCqgcKiN6waPffD_bTMcGLw4U8-XOOQ),,"18,0",ΑΝΕΜΙΣΤΗΡΕΣ ΟΡΟΦΗΣ,1/20/2025 10:26am
L3289W,KONSTANTINOS,"55,0",OIK87,,L3289W,L3289W,I191 ΑΠΛΙΚΑ ΕΠΙΤΟΙΧΙΑ ΕΞΩΤΕΡΙΚΟΥ ΧΩΡΟΥ 230Χ80Χ27ΜΜ 1.8W 3000K IP65,image.png (https://v5.airtableusercontent.com/v3/u/55/55/1785175200000/TGN_nAMEe1c9efj3wjIwDQ/3oBYBqGDwbZkpTmfIhaco56WgAV6x1HE4b0JzoXWLXuOfSvQ9csICw2tmGcFxJZe9vZHY8MlIYjRun1ct-6UHCRRjmMwd1S8dUNiNxKFqi2Ghm6hfgWXagqbhigs5WMjTXqRlESwmhN3d6LbixlCcA/ka9Se7cKD2qdz1fw0D_GeUkCyUCrfvG0Wx9sF4MsVUA),,"-213,0",ΦΩΤΑ,1/17/2025 11:59am
L3252,KONSTANTINOS,"75,0",OIK87,,L3252,L3252,I59 ΠΡΟΒΟΛΑΚΙ ΚΗΠΟΥ 3W LED 43Χ245ΜΜ IP65 ΜΕ ΚΑΡΦΙ ΘΕΡΜΟ ΛΕΥΚΟ,image030.png (https://v5.airtableusercontent.com/v3/u/55/55/1785175200000/gOD0Q384oSpJEQy40f0ZhQ/np_WOKiK3N36MboOw5kJg2DTEbYQtBblaktSatpuYvO3fccAC03DSN9tDB0c3RTZ_jhFoobar4eTuOLGTarhGOmicGjMnM7KTPCUD1RgDG3znYl_bYUJ5XeDPzYGMDiJicSMwbBAdsvi6TSTVUyqE-mU1quNzwV-g15oZKCC2FU/UUA2GpMlOmdL--wDTi1ckptwt6X8RwPUKCc_iwA-4V0),,"-77,0",ΦΩΤΑ,1/17/2025 11:58am
L3244WW,CAROLIN,"72,0",OIK93.1.2,1/5/2025,L3244WW,L3244WW,I59 ΛΑΜΠΤΗΡΑΣ GU10 ΘΕΡΜΟ ΛΕΥΚΟ,,,"-70,0",ΦΩΤΑ,1/17/2025 11:22am
L3274,CAROLIN,"3,0",OIK93.1.2,1/5/2025,L3274,L3274,I59 ΗΛΙΑΚΟΣ ΠΡΟΒΟΛΕΑΣ ΑΛΟΥΜΙΝΙΟΥ 360Χ400Χ17ΜM 15W IP65,image037.png (https://v5.airtableusercontent.com/v3/u/55/55/1785175200000/mDGFM-Q97QUWnuaDe5Kjfw/n_kJB4--eZIVTkPf9rD05F-Yzu9eutucTmdof-BcIu_G8zm0B3f4MeApfCLzlIUp4GDjzzQsMPaljKNbfUl3mgZS2SwadKKIzLEqc8w9gdZPLExKc4piJCaM6LohnX_uK8aA3uGO5Mj_Rj9cZTV5zAuVxwlq6G5RTuegMHBX86w/SFbk1jrppDDLfIXyIIG6XtC-K2kRQfcZPSeWc3VoC0w),,"-5,0",ΦΩΤΑ,1/17/2025 11:15am
L3269W,CAROLIN,"8,0",OIK93.1.2,1/5/2025,L3269W,L3269W,I59 ΕΞΩΤΕΡΙΚΗ ΧΩΝΕΥΤΗ ΑΠΛΙΚΑ 2W 105Χ60MM IP66 ΘΕΡΜΟ ΛΕΥΚΟ,image022.png (https://v5.airtableusercontent.com/v3/u/55/55/1785175200000/bhwe2SMhWc0eFxux8O60KQ/6ZPJgR6PclFuLCx2LxFNv5AYv_BdAb7trwwj9Jd67OuT4EWOTNZ9Ieb5jzaCaWIXhQywSJrkXC9drq9tqTKZJR4lhXM-A1-WbWI3fW5HvmNHfrZMiJSTMd6nuvjkRFerIcqphwW-2nPhF0aA-uwFkqC7Vz1FFzi79QWuxIVFs38/NuwvhuwYemLhylQDn-5nY80uGkEA35Db74d46WyimVo),,"1,0",ΦΩΤΑ,1/17/2025 10:48am
L3291W,CAROLIN,"4,0",OIK93.1.2,1/5/2025,L3291W,L3291W,I162 ΑΠΛΙΚΑ ΕΠΙΤΟΙΧΙΑ ΕΞΩΤΕΡΙΚΟΥ ΧΩΡΟΥ 10W UP AND DOWN LIGHT100X100X100MM IP65 ΘΕΡΜΟ ΛΕΥΚΟ,image068.png (https://v5.airtableusercontent.com/v3/u/55/55/1785175200000/7Fk9Tn8MxA5BeafOWKw9iw/5Lv6PVAXyIZ2glr-fDyDx08IdQpXyiCeAQwK4vyFb3w1BrWn30MoopTXe8MGcP6wNJ-TT8Q07ffWlUOHIEAlTIYutKSiela9_tl8RJTw2UIteWXW07o0HmE18ueaGvYapattAFN2_BGA-NOqF8tjDCyFCSoN1WAoKTqIxF2iFcc/IAmlGkJTwGhrPVE0DrxJ1mIvq18Wh3yS3xbswGluhiY),,"67,0",ΦΩΤΑ,1/17/2025 10:46am
ZHSSMOKE,KONSTANTINOS,"39,0",OIK109,16/1/2025,ZHSSMOKE,ZHSSMOKE,I113 ΑΝΙΧΝΕΥΤΗΣ ΚΑΠΝΟΥ ΜΠΑΤΑΡΙΑΣ 50X50X50MM,image.png (https://v5.airtableusercontent.com/v3/u/55/55/1785175200000/mF6aWO71O6veJnj7fWWRbg/Rx-Jd8nlFtA5HW6To339k8wkO9xRFhohAsFte1YURL4tKGQg4qVtRkktt5i86XAsGNkkyZtmuBcWOqhf5ELFUlsSRrdyg5nBXVAhlc9VzjwJv4XzRAQzFCTP5FUorsCjhA1NbF4dgkQgG_egJb0goQ/fQuR8irijq7FPE_NT8s0DvVkhrBVoa0ItbQR303gdhQ),,"146,0",ΑΣΦΑΛΕΙΑ,1/16/2025 3:16pm
A7644CHR,KONSTANTINOS,"40,0",OIK109,16/1/2025,A7644CHR,A7644CHR,I128 SILVER ZINC ALLOY DOOR HANDLE (PAIR) WITH ZINC ALLOY STRIGHT KEYHOLE,image.png (https://v5.airtableusercontent.com/v3/u/55/55/1785175200000/BU2bDyI9vmFjb2TFDskXnA/eDsjZXzzpMfaAHiOfRAtvWKBu8OqIPcWA9_icK0rjGcxAhSWccOtruffZ55Dk7765ct-oxy1Nc_SujsfiqSMllZ1ktNjKS7GOL7z3lZf-bkw737CGd0sYZmWHxzAgl-Lt717moUpCNQ65rJ_YGhWXA/UF2iPS5o7ldN0R2wupPOuWKxu-vmXF77yY42lRXdCRY),,"49,0",ΠΟΡΤΕΣ,1/16/2025 3:15pm
L3248,KONSTANTINOS,"1,0",OIK109,16/1/2025,L3248,L3248,I59 ΑΠΛΙΚΑ ΟΡΟΦΗΣ 5W 210Χ110Χ90MM,image048.png (https://v5.airtableusercontent.com/v3/u/55/55/1785175200000/r4oI0nQOuuyk0YtjhuAreQ/0cpT3TcxiHSAym4XGdJQKSREJqkPHY4s9_nl77-g5KBj93PkpYDKAe31NvHsTX89k7nJYaVGwSx4FJct5Ve7zzAqRNGOBnynjYTiNHT1R-kc8TOYEKr8DvpuJ-eQXCL9P1OeAF87HHselWaYTMDfW-cQW9TERS1nFQCFbR7qYWI/LPjpvFxGkvbN7eE3bMy1bOoMKsIDZgM9g355qFAxBeo),,"58,0",ΦΩΤΑ,1/16/2025 2:26pm
L3287,KONSTANTINOS,"13,0",OIK109,16/1/2025,L3287,L3287,I160 ΛΑΜΠΤΗΡΑΣ EDISON E27 40W 2200K DIMMABLE AMBER GLASS,image060.png (https://v5.airtableusercontent.com/v3/u/55/55/1785175200000/PA983S0ehQFmKUA6ZD5TKA/7kSJJY5iqZSl1azU9q0YF0U1ng-bE3MRUzUp5CGG87OCrhZ031jsYrR3OjVYikV-zjvH_Fq3w_UZtOENWtn7TcvGqlTYX6NO7Is-7U5zVWhAQIWdLg35amk2-KzyQjMr_grIWMa9AYAKvjrYavgB_GzcwKNSgvLN7jnl88biMNo/ndMQYa4roi44WgzsRgsG_L5CQ02v476_SITpiwy49yE),,"1268,0",ΦΩΤΑ,1/16/2025 2:25pm
ZEF001,KONSTANTINOS,"1,0",OIK109,16/1/2025,ZEF001,ZEF001,I134 ΕΞΑΕΡΙΣΤΗΡΑΣ WC Φ100,image.png (https://v5.airtableusercontent.com/v3/u/55/55/1785175200000/fRJswbW0Day-evkjCUiAJQ/ewsSTuj7cFrTO8b5PMhnE53OzfEXxmHvi6E0sDTEgicCrWAb6zforwm6OQ7S66YYVie6kztTCqM0tCDPkDosjwp4Hm4y8iRMpNze7W1oVCRKou0Zd8w5Sh8t6IN0D5euC4eaPJZCGcunQ8_-vOQp9A/B6Gai62DbO7s2vh85Cp2Orq708lvdg4GZ-oBTWWZo-g),,"69,0",ΜΠΑΝΙΟ,1/16/2025 2:18pm
A7642WW,KONSTANTINOS,"26,0",OIK109,16/1/2025,A7642WW,A7642WW,I107 WOODEN FAN ceiling WHITE blades WHITE motor,image.png (https://v5.airtableusercontent.com/v3/u/55/55/1785175200000/V9DyieQGbm4U_z82SGLCKQ/fSMfM1yBcjw5QDmJjbqkrRLMGCLgSCERWi375fbFyV5_nU_DrffbTo55rX3oDi0XDqIQOVdFrsmxLy1VWwZ9NDH0U_4bIu-tAUuKgABABJE3bwenqDC1pJ3VD3y045-PjA7RWX2hp5VEUTe7A2iaPA/j0hy20MNTmpX_xtVc1E_oerqD9YbK8M7tokvOQi9ULw),,"-10,0",ΑΝΕΜΙΣΤΗΡΕΣ ΟΡΟΦΗΣ,1/16/2025 2:18pm
L3252,KONSTANTINOS,"35,0",OIK109,16/1/2025,L3252,L3252,I59 ΠΡΟΒΟΛΑΚΙ ΚΗΠΟΥ 3W LED 43Χ245ΜΜ IP65 ΜΕ ΚΑΡΦΙ ΘΕΡΜΟ ΛΕΥΚΟ,image030.png (https://v5.airtableusercontent.com/v3/u/55/55/1785175200000/gOD0Q384oSpJEQy40f0ZhQ/np_WOKiK3N36MboOw5kJg2DTEbYQtBblaktSatpuYvO3fccAC03DSN9tDB0c3RTZ_jhFoobar4eTuOLGTarhGOmicGjMnM7KTPCUD1RgDG3znYl_bYUJ5XeDPzYGMDiJicSMwbBAdsvi6TSTVUyqE-mU1quNzwV-g15oZKCC2FU/UUA2GpMlOmdL--wDTi1ckptwt6X8RwPUKCc_iwA-4V0),,"-77,0",ΦΩΤΑ,1/16/2025 2:17pm
L3247,KONSTANTINOS,"6,0",OIK109,16/1/2025,L3247,L3247,I59 LED ΦΩΣ ΚΗΠΟΥ 30CM ΥΨΟΣ IP65 7W ΜΕ ΚΑΡΦΙ ΓΙΑ ΤΟΠΟΘΕΤΗΣΗ ΣΕ ΧΩΜΑ & ΜΠΕΤΟ,image053.png (https://v5.airtableusercontent.com/v3/u/55/55/1785175200000/fN7kyi2j_M2GhGijms5NAQ/XgjULR8c4yEKcNkV9IDskHmLya4rqtgQgRd4F0gPb94P7IbK_DqRnakmAG7RZKxbgyA9fIkr1_6aBFqv_aS7Dm39_icgBm2svfCWEdKnOCzaOvRMhAJHD7liRswBNkbSuegUWZuUMhNK_GLtOSfCCLJmak4ctgAFwUllIINYMjU/80tv-QRcek8dLRl-r2IyF2u6hI2XdxrtLmImb08iBYI),,"99,0",ΦΩΤΑ,1/16/2025 2:15pm
A7642DNB,NIKI,"3,0",OIK85,16/1/2025,A7642DNB,A7642DNB,I107 WOODEN FAN ceiling DARK NATURAL blades BLACK motor,image.png (https://v5.airtableusercontent.com/v3/u/55/55/1785175200000/YF7TTVVEJ16WCAoBozUi5g/CSmp4cDZF8nLV-PVUxjt20KlgTzik_dvXnGOavZTyGROMdTdJ9MnS3P9794M5CgO5t9arhczfWIUG20eZlUXvni_K6Dmz9rNoMbKwKfMtloI4eQkPj_5ast5Vor1PFMSXsOO78wxcZLYenYVzXalXA/MWEjmFMlqad2Aq8WIO2BtINCJATAzsKtGMwd1myokps),,"6,0",ΑΝΕΜΙΣΤΗΡΕΣ ΟΡΟΦΗΣ,1/16/2025 12:04pm
A7642DNB,NIKI,"20,0",OIK85,16/1/2025,A7642DNB,A7642DNB,I107 WOODEN FAN ceiling DARK NATURAL blades BLACK motor,image.png (https://v5.airtableusercontent.com/v3/u/55/55/1785175200000/YF7TTVVEJ16WCAoBozUi5g/CSmp4cDZF8nLV-PVUxjt20KlgTzik_dvXnGOavZTyGROMdTdJ9MnS3P9794M5CgO5t9arhczfWIUG20eZlUXvni_K6Dmz9rNoMbKwKfMtloI4eQkPj_5ast5Vor1PFMSXsOO78wxcZLYenYVzXalXA/MWEjmFMlqad2Aq8WIO2BtINCJATAzsKtGMwd1myokps),,"6,0",ΑΝΕΜΙΣΤΗΡΕΣ ΟΡΟΦΗΣ,1/16/2025 12:03pm
A7642NB,ELINA,"10,0",CLIENT,16/1/2025,A7642NB,A7642NB,I107 WOODEN FAN ceiling NATURAL blades BLACK motor,image.png (https://v5.airtableusercontent.com/v3/u/55/55/1785175200000/7TpwSgoBPWVotfbrysfqmg/i46MouqdnMexqKzx1pQI68HM1Rr6ROF-skHsBZRJL1cEodNCoZdLWqtM4baMVhItgrl63WFA1cAlm5v98RV0e7QB-oBFpb6tH8tG2kGT3VGGg5t_R_ZwuBgt8Jae2qhHzw1s3fKP7wIqI3LHVdCc9A/x2b1fislTzIEGCqgcKiN6waPffD_bTMcGLw4U8-XOOQ),,"18,0",ΑΝΕΜΙΣΤΗΡΕΣ ΟΡΟΦΗΣ,1/16/2025 11:41am
L3289W,KONSTANTINOS,"25,0",OIK109,15/1/2025,L3289W,L3289W,I191 ΑΠΛΙΚΑ ΕΠΙΤΟΙΧΙΑ ΕΞΩΤΕΡΙΚΟΥ ΧΩΡΟΥ 230Χ80Χ27ΜΜ 1.8W 3000K IP65,image.png (https://v5.airtableusercontent.com/v3/u/55/55/1785175200000/TGN_nAMEe1c9efj3wjIwDQ/3oBYBqGDwbZkpTmfIhaco56WgAV6x1HE4b0JzoXWLXuOfSvQ9csICw2tmGcFxJZe9vZHY8MlIYjRun1ct-6UHCRRjmMwd1S8dUNiNxKFqi2Ghm6hfgWXagqbhigs5WMjTXqRlESwmhN3d6LbixlCcA/ka9Se7cKD2qdz1fw0D_GeUkCyUCrfvG0Wx9sF4MsVUA),ELLI,"-213,0",ΦΩΤΑ,1/15/2025 3:25pm
L3255W,KONSTANTINOS,"62,0",OIK109,15/1/2025,L3255W,L3255W,I59 ΑΠΛΙΚΑ ΕΠΙΤΟΙΧΙΑ ΕΞΩΤΕΡΙΚΟΥ ΧΩΡΟΥ 6W UP & DOWN LED 175Χ90ΜΜ IP65 ΘΕΡΜΟ ΛΕΥΚΟ,image043.png (https://v5.airtableusercontent.com/v3/u/55/55/1785175200000/_j1a_oOYvZOevA8byMzQgQ/9dvIflKCmwdb899jNGD3e_6uDdP-Ksic3odgPNi1iWR9axSsKV90vK5yMufppWUHP3GYVnLnpPNdsgClKxtfuh5uH1EgOaGmOMyWgjvF-WKpWpFmZLWbSNUuGmQllRBtktvxWJfre8leuUwKSWvEI6ecTcABxiuBjA0reOixeIU/Z5fWLRkZgUZ2r971QeDbOMg1E74EwpxezIk9XW1DJTs),,"92,0",ΦΩΤΑ,1/15/2025 3:24pm
L3283W,KONSTANTINOS,"13,0",OIK109,15/1/2025,L3283W,L3283W,I59 ΑΠΛΙΚΑ ΤΟΙΧΟΥ ΕΣΩΤΕΡΙΚΟΥ ΧΩΡΟΥ 240Χ85ΜΜ IP44 ΘΕΡΜΟ ΛΕΥΚΟ,image050.png (https://v5.airtableusercontent.com/v3/u/55/55/1785175200000/5X3LLpI3g6HAuku7y7G2bQ/r5iwg9dMOYRSMYSI89bxTq47B1dFlFnb-jUAWn84Hd1LGNdWEArbsix8FueAupbnV_ddgHBgg25k7-C4YEl7-E87tXGaNCrpCRarNFkWLT1TaxBschfvvZ05CvOllaQcKkxe82aw8MA1y9AjNKwJ-rdWGQiXEtXYSZe9Zw-b4o8/eN-lHnrbPlmd2bX1zt7ZB9S8B-B83gvMZlUOngFDFc4),,"4,0",ΦΩΤΑ,1/15/2025 3:24pm
L3245W,KONSTANTINOS,"26,0",OIK109,15/1/2025,L3245W,L3245W,I59 BEDSIDE LIGHT 3W D100*H55mm,image005.png (https://v5.airtableusercontent.com/v3/u/55/55/1785175200000/Ql0gxu_5Nad8No-EnpYF5Q/pxlrDtcOjY8SvyhaKl_T_Pft9liIfXzZDpc-peNYRUX8ahteY9FtM5UKAX7xW5xbOdOu0463UYtVtPFY9wjf3gVgwz270inJ_HceI2dHmr96BGVQA536AWPv4fMQoE1dtYTnbKT0CKQO375dj9uJMBEWcDIP4JjpPy-weDV_3rA/VVjhcXQ0OJLsmEdYuXzhy2QWd4XbE3XuquSR6ptcXno),,"123,0",ΦΩΤΑ,1/15/2025 3:23pm
L3263W,KONSTANTINOS,"28,0",OIK109,15/1/2025,L3263W,L3263W,I59 ΣΠΟΤ ΟΡΟΦΗΣ ΑΔΙΑΒΡΟΧΟ (ΟΠΗ 60MM),image002.png (https://v5.airtableusercontent.com/v3/u/55/55/1785175200000/CXKA9WZlIYH3mxdR62Y4Og/Q4kIId80R2Ha1qY7iSG6KB09zhfJJYuVcRf87fYPu-wrC1U-vof6sR40RoiO7q7HdCRBIPw8dAuhZX0BAUKSYGiWRAFSXvOCuA5uPZ5MyTiqb7l0qZlLW4I4nFtecJZR7dYJZHfFGUJy-MQE9_JqZIcobvFs-N1oRAiISpu7u_U/U4X5nNFPjhk1HnFgkHOfyK0g6UyVAB8NzvRUsHP0Zfo),,"316,0",ΦΩΤΑ,1/15/2025 3:20pm
L3244,KONSTANTINOS,"180,0",OIK109,15/1/2025,L3244,L3244,I59 ΣΠΟΤ ΟΡΟΦΗΣ (ΟΠΗ 60MM) ΛΕΥΚΟ,image001.png (https://v5.airtableusercontent.com/v3/u/55/55/1785175200000/XQNOKmYd3NLQ6_dDWqKYuQ/cRJohMde-STTJyl7IOhddeE5h2HwL_Gnjqe1Y_R95uD6Zo4Zgv_fd4lJogYZdbfxQWcldm8PkU67QohSBsbGOZcYqr-CYZvYbs96UoawTh-GGn7U_MI7eYnliqPBCZD3G-TYznEqdljsQuH_cexUWWFFjZRuY7N8dEZ0NOqnhd8/_evf5c5lN5tr8e0Y8Q3NGR8XXtO7ygq_O4kN67HUGA4),,"221,0",ΦΩΤΑ,1/15/2025 3:20pm
L3252,ELLI,"30,0",OIK87.3.1,1/4/2025,L3252,L3252,I59 ΠΡΟΒΟΛΑΚΙ ΚΗΠΟΥ 3W LED 43Χ245ΜΜ IP65 ΜΕ ΚΑΡΦΙ ΘΕΡΜΟ ΛΕΥΚΟ,image030.png (https://v5.airtableusercontent.com/v3/u/55/55/1785175200000/gOD0Q384oSpJEQy40f0ZhQ/np_WOKiK3N36MboOw5kJg2DTEbYQtBblaktSatpuYvO3fccAC03DSN9tDB0c3RTZ_jhFoobar4eTuOLGTarhGOmicGjMnM7KTPCUD1RgDG3znYl_bYUJ5XeDPzYGMDiJicSMwbBAdsvi6TSTVUyqE-mU1quNzwV-g15oZKCC2FU/UUA2GpMlOmdL--wDTi1ckptwt6X8RwPUKCc_iwA-4V0),,"-77,0",ΦΩΤΑ,1/7/2025 12:25pm
L3247,ELLI,"15,0",OIK87.3.1,1/4/2025,L3247,L3247,I59 LED ΦΩΣ ΚΗΠΟΥ 30CM ΥΨΟΣ IP65 7W ΜΕ ΚΑΡΦΙ ΓΙΑ ΤΟΠΟΘΕΤΗΣΗ ΣΕ ΧΩΜΑ & ΜΠΕΤΟ,image053.png (https://v5.airtableusercontent.com/v3/u/55/55/1785175200000/fN7kyi2j_M2GhGijms5NAQ/XgjULR8c4yEKcNkV9IDskHmLya4rqtgQgRd4F0gPb94P7IbK_DqRnakmAG7RZKxbgyA9fIkr1_6aBFqv_aS7Dm39_icgBm2svfCWEdKnOCzaOvRMhAJHD7liRswBNkbSuegUWZuUMhNK_GLtOSfCCLJmak4ctgAFwUllIINYMjU/80tv-QRcek8dLRl-r2IyF2u6hI2XdxrtLmImb08iBYI),,"99,0",ΦΩΤΑ,1/7/2025 12:22pm
A7642NB,ELINA,"2,0",CLIENT,1/2/2025,A7642NB,A7642NB,I107 WOODEN FAN ceiling NATURAL blades BLACK motor,image.png (https://v5.airtableusercontent.com/v3/u/55/55/1785175200000/7TpwSgoBPWVotfbrysfqmg/i46MouqdnMexqKzx1pQI68HM1Rr6ROF-skHsBZRJL1cEodNCoZdLWqtM4baMVhItgrl63WFA1cAlm5v98RV0e7QB-oBFpb6tH8tG2kGT3VGGg5t_R_ZwuBgt8Jae2qhHzw1s3fKP7wIqI3LHVdCc9A/x2b1fislTzIEGCqgcKiN6waPffD_bTMcGLw4U8-XOOQ),ELINA,"18,0",ΑΝΕΜΙΣΤΗΡΕΣ ΟΡΟΦΗΣ,12/17/2024 2:16pm